-- MySQL dump 10.13  Distrib 8.0.20, for Linux (x86_64)
--
-- Host: localhost    Database: vk
-- ------------------------------------------------------
-- Server version	8.0.20

/*!40101 SET @OLD_CHARACTER_SET_CLIENT=@@CHARACTER_SET_CLIENT */;
/*!40101 SET @OLD_CHARACTER_SET_RESULTS=@@CHARACTER_SET_RESULTS */;
/*!40101 SET @OLD_COLLATION_CONNECTION=@@COLLATION_CONNECTION */;
/*!50503 SET NAMES utf8mb4 */;
/*!40103 SET @OLD_TIME_ZONE=@@TIME_ZONE */;
/*!40103 SET TIME_ZONE='+00:00' */;
/*!40014 SET @OLD_UNIQUE_CHECKS=@@UNIQUE_CHECKS, UNIQUE_CHECKS=0 */;
/*!40014 SET @OLD_FOREIGN_KEY_CHECKS=@@FOREIGN_KEY_CHECKS, FOREIGN_KEY_CHECKS=0 */;
/*!40101 SET @OLD_SQL_MODE=@@SQL_MODE, SQL_MODE='NO_AUTO_VALUE_ON_ZERO' */;
/*!40111 SET @OLD_SQL_NOTES=@@SQL_NOTES, SQL_NOTES=0 */;

--
-- Table structure for table `communities`
--

DROP TABLE IF EXISTS `communities`;
/*!40101 SET @saved_cs_client     = @@character_set_client */;
/*!50503 SET character_set_client = utf8mb4 */;
CREATE TABLE `communities` (
  `id` int unsigned NOT NULL AUTO_INCREMENT,
  `name` varchar(150) NOT NULL,
  PRIMARY KEY (`id`),
  UNIQUE KEY `name` (`name`)
) ENGINE=InnoDB AUTO_INCREMENT=11 DEFAULT CHARSET=utf8mb4 COLLATE=utf8mb4_0900_ai_ci;
/*!40101 SET character_set_client = @saved_cs_client */;

--
-- Dumping data for table `communities`
--

LOCK TABLES `communities` WRITE;
/*!40000 ALTER TABLE `communities` DISABLE KEYS */;
INSERT INTO `communities` VALUES (6,'group20'),(1,'group24'),(2,'group29'),(7,'group37'),(9,'group43'),(8,'group50'),(10,'group53'),(4,'group65'),(3,'group73'),(5,'group93');
/*!40000 ALTER TABLE `communities` ENABLE KEYS */;
UNLOCK TABLES;

--
-- Table structure for table `communities_users`
--

DROP TABLE IF EXISTS `communities_users`;
/*!40101 SET @saved_cs_client     = @@character_set_client */;
/*!50503 SET character_set_client = utf8mb4 */;
CREATE TABLE `communities_users` (
  `community_id` int unsigned NOT NULL,
  `user_id` int unsigned NOT NULL,
  PRIMARY KEY (`community_id`,`user_id`),
  KEY `communities_users_user_id_fk` (`user_id`),
  CONSTRAINT `communities_users_community_id_fk` FOREIGN KEY (`community_id`) REFERENCES `communities` (`id`) ON DELETE CASCADE,
  CONSTRAINT `communities_users_user_id_fk` FOREIGN KEY (`user_id`) REFERENCES `users` (`id`) ON DELETE CASCADE
) ENGINE=InnoDB DEFAULT CHARSET=utf8mb4 COLLATE=utf8mb4_0900_ai_ci;
/*!40101 SET character_set_client = @saved_cs_client */;

--
-- Dumping data for table `communities_users`
--

LOCK TABLES `communities_users` WRITE;
/*!40000 ALTER TABLE `communities_users` DISABLE KEYS */;
INSERT INTO `communities_users` VALUES (7,2),(10,2),(2,3),(6,3),(7,3),(2,4),(7,4),(8,5),(5,6),(4,7),(1,11),(4,11),(2,13),(9,13),(10,13),(6,14),(2,16),(8,17),(8,19),(10,20),(9,22),(10,22),(5,23),(6,23),(1,24),(8,24),(2,28),(8,28),(9,28),(6,30),(7,32),(3,33),(9,34),(10,34),(6,36),(8,36),(5,37),(7,37),(1,38),(2,38),(1,40),(3,40),(2,41),(1,43),(1,44),(8,46),(8,47),(4,48),(9,48),(9,50),(2,52),(4,53),(6,54),(3,55),(3,56),(4,57),(6,57),(1,59),(3,59),(1,60),(6,61),(3,62),(10,62),(4,64),(4,65),(6,66),(9,67),(1,68),(1,69),(3,72),(4,72),(1,73),(6,75),(10,75),(10,77),(4,78),(5,78),(3,80),(7,81),(8,84),(1,87),(9,87),(2,88),(1,89),(7,89),(5,91),(7,92),(7,93),(5,94),(2,95),(5,97),(5,98),(9,99),(3,100),(8,100),(9,100),(10,100);
/*!40000 ALTER TABLE `communities_users` ENABLE KEYS */;
UNLOCK TABLES;

--
-- Table structure for table `friendship`
--

DROP TABLE IF EXISTS `friendship`;
/*!40101 SET @saved_cs_client     = @@character_set_client */;
/*!50503 SET character_set_client = utf8mb4 */;
CREATE TABLE `friendship` (
  `user_id` int unsigned NOT NULL,
  `friend_id` int unsigned NOT NULL,
  `status_id` int unsigned DEFAULT NULL,
  `requested_at` datetime DEFAULT CURRENT_TIMESTAMP,
  `confirmed_at` datetime DEFAULT NULL,
  PRIMARY KEY (`user_id`,`friend_id`),
  KEY `friendship_friend_id_fk` (`friend_id`),
  KEY `friendship_status_id_fk` (`status_id`),
  CONSTRAINT `friendship_friend_id_fk` FOREIGN KEY (`friend_id`) REFERENCES `users` (`id`) ON DELETE CASCADE,
  CONSTRAINT `friendship_status_id_fk` FOREIGN KEY (`status_id`) REFERENCES `friendship_statuses` (`id`) ON DELETE SET NULL,
  CONSTRAINT `friendship_user_id_fk` FOREIGN KEY (`user_id`) REFERENCES `users` (`id`) ON DELETE CASCADE
) ENGINE=InnoDB DEFAULT CHARSET=utf8mb4 COLLATE=utf8mb4_0900_ai_ci;
/*!40101 SET character_set_client = @saved_cs_client */;

--
-- Dumping data for table `friendship`
--

LOCK TABLES `friendship` WRITE;
/*!40000 ALTER TABLE `friendship` DISABLE KEYS */;
INSERT INTO `friendship` VALUES (2,87,1,'2016-10-24 18:07:29','2020-05-13 11:07:43'),(3,91,2,'2012-03-02 08:30:58','2013-11-25 23:39:47'),(4,40,1,'2010-10-14 15:02:53','2017-12-04 04:50:23'),(5,27,2,'2017-01-16 23:35:48','2020-05-13 11:07:43'),(5,84,1,'2018-01-29 03:40:55','2020-05-13 11:07:43'),(6,1,1,'2014-11-17 00:27:36','2018-06-05 07:58:03'),(9,26,1,'2013-07-26 20:11:27','2016-10-28 00:26:11'),(10,76,1,'2020-01-07 10:12:17','2020-05-13 11:07:43'),(11,70,1,'2017-01-05 05:22:32','2020-05-13 11:07:43'),(13,59,1,'2013-02-03 13:51:32','2014-06-05 07:38:40'),(13,64,1,'2017-08-03 22:53:09','2020-05-13 11:07:43'),(14,53,1,'2017-02-07 07:28:05','2017-10-19 15:51:51'),(14,56,1,'2010-07-28 09:21:04','2020-02-16 05:50:41'),(15,23,2,'2014-05-17 19:39:32','2014-06-06 13:37:55'),(15,55,3,'2012-08-16 02:55:03','2015-06-19 01:45:56'),(16,93,1,'2015-10-26 07:54:19','2020-05-13 11:07:43'),(16,94,2,'2015-12-05 17:55:34','2020-05-13 11:07:43'),(16,95,1,'2013-06-15 14:43:39','2016-09-19 01:50:28'),(17,25,3,'2014-10-25 15:00:01','2020-05-13 11:07:43'),(18,73,2,'2017-07-02 06:27:43','2020-05-13 11:07:43'),(18,84,3,'2011-01-31 12:35:43','2015-05-17 23:17:26'),(20,66,1,'2017-12-22 23:31:50','2020-05-13 11:07:43'),(20,91,3,'2016-04-06 10:09:26','2020-05-13 11:07:43'),(22,98,1,'2018-01-01 06:00:54','2020-05-13 11:07:43'),(23,24,2,'2015-11-19 02:20:13','2020-05-13 11:07:43'),(24,18,3,'2017-05-05 18:02:19','2020-02-24 00:07:37'),(25,43,1,'2015-01-25 07:09:45','2020-05-13 11:07:43'),(25,61,2,'2012-02-22 10:32:28','2019-08-25 21:32:40'),(27,46,2,'2015-08-30 16:43:59','2020-05-13 11:07:43'),(27,77,3,'2013-04-06 16:22:34','2020-05-13 11:07:43'),(29,77,2,'2011-09-11 17:34:11','2012-07-10 08:08:20'),(32,90,1,'2015-02-05 10:24:50','2016-10-08 11:24:57'),(33,7,3,'2020-03-04 17:21:49','2020-05-13 11:07:43'),(33,26,2,'2016-08-24 02:41:14','2020-05-13 11:07:43'),(34,51,1,'2018-07-07 07:31:34','2020-05-13 11:07:43'),(35,39,1,'2016-03-04 11:46:11','2020-05-13 11:07:43'),(36,3,1,'2011-03-19 22:10:03','2013-07-27 09:06:03'),(36,44,2,'2013-07-31 10:25:13','2020-05-13 11:07:43'),(36,89,1,'2011-08-05 04:19:09','2012-10-14 15:57:25'),(37,44,2,'2011-12-23 23:39:06','2017-02-13 03:51:50'),(38,90,1,'2010-07-11 13:14:22','2012-02-04 12:00:55'),(38,99,2,'2013-12-01 07:22:25','2015-10-12 08:13:43'),(39,79,1,'2017-05-25 22:19:09','2020-05-13 11:07:43'),(39,96,2,'2012-05-20 08:50:32','2014-12-26 10:04:15'),(40,20,2,'2014-07-15 16:56:28','2014-12-11 19:32:39'),(43,32,3,'2016-07-03 02:17:07','2017-11-13 17:11:00'),(43,54,2,'2011-03-15 22:37:16','2020-05-13 11:07:43'),(43,55,1,'2013-06-07 04:01:20','2016-06-09 14:19:40'),(47,47,1,'2019-02-04 23:30:36','2020-03-29 14:33:30'),(47,93,2,'2010-09-06 11:26:30','2011-09-20 12:12:01'),(47,95,1,'2012-01-07 06:32:13','2014-04-25 03:32:48'),(51,29,3,'2013-05-17 23:18:21','2017-10-14 13:48:30'),(51,58,2,'2020-02-15 22:19:09','2020-05-13 11:07:43'),(53,85,3,'2019-09-29 13:02:05','2020-05-13 11:07:43'),(54,1,3,'2011-11-06 22:40:17','2012-04-23 00:10:16'),(54,86,1,'2011-12-31 05:57:00','2018-01-07 20:11:10'),(55,88,3,'2011-06-30 15:18:39','2019-12-26 08:31:34'),(57,17,1,'2014-07-14 14:16:56','2020-05-13 11:07:43'),(58,4,2,'2017-05-11 08:42:32','2020-05-13 11:07:43'),(58,44,2,'2016-02-02 12:27:53','2020-05-13 11:07:43'),(61,1,3,'2014-06-04 23:53:42','2020-05-13 11:07:43'),(61,39,2,'2012-07-29 22:35:13','2020-05-13 11:07:43'),(61,76,1,'2011-12-30 21:48:11','2012-08-23 21:08:45'),(63,16,1,'2013-05-26 14:26:23','2016-02-21 08:08:56'),(63,20,1,'2019-05-24 05:18:13','2020-05-13 11:07:43'),(64,36,2,'2016-09-13 07:44:38','2020-05-13 11:07:43'),(64,68,2,'2018-08-06 13:10:12','2020-05-13 11:07:43'),(65,18,3,'2010-08-20 04:32:34','2019-06-01 12:33:11'),(65,38,1,'2018-03-12 14:29:54','2020-05-13 11:07:43'),(65,88,1,'2019-10-05 16:02:40','2020-05-13 11:07:43'),(66,30,3,'2012-07-30 06:01:47','2013-06-26 19:27:48'),(66,55,3,'2011-09-20 16:36:06','2020-05-13 11:07:43'),(68,61,1,'2012-06-22 14:00:39','2018-04-17 12:01:16'),(70,82,2,'2019-07-23 21:24:11','2020-05-13 11:07:43'),(75,51,2,'2010-09-20 03:55:22','2018-12-21 10:41:16'),(75,96,2,'2013-05-16 07:09:25','2014-11-12 16:49:48'),(76,68,1,'2013-03-08 18:31:00','2020-05-13 11:07:43'),(79,90,1,'2018-10-18 14:37:46','2020-05-13 11:07:43'),(81,22,1,'2010-07-14 21:12:00','2018-09-29 03:24:07'),(82,48,1,'2019-07-26 00:50:37','2020-05-13 11:07:43'),(83,42,3,'2012-11-29 21:22:12','2013-01-09 06:21:28'),(84,49,1,'2013-06-21 03:23:08','2016-06-29 08:29:43'),(84,79,2,'2019-05-30 19:34:08','2020-05-13 11:07:43'),(85,82,3,'2013-02-27 00:45:31','2015-09-28 18:16:24'),(86,27,1,'2017-11-10 15:27:06','2020-05-13 11:07:43'),(87,90,3,'2012-10-09 06:53:45','2020-04-13 18:35:47'),(90,91,3,'2012-12-08 05:20:29','2015-09-10 19:46:39'),(91,26,1,'2018-05-18 11:44:52','2020-05-13 11:07:43'),(92,59,3,'2018-08-24 15:48:13','2020-05-13 11:07:43'),(93,27,3,'2015-06-14 16:31:51','2015-12-22 09:50:28'),(93,93,2,'2017-07-04 07:37:23','2020-05-13 11:07:43'),(94,41,3,'2018-08-16 20:31:59','2019-10-23 00:33:23'),(95,7,1,'2016-12-05 04:12:36','2020-05-05 17:59:00'),(95,38,2,'2014-05-20 01:22:18','2020-05-13 11:07:43'),(96,81,1,'2018-09-28 17:30:21','2020-05-13 11:07:43'),(99,6,1,'2012-02-23 21:45:08','2015-03-10 10:06:53'),(99,42,1,'2016-02-28 08:30:22','2020-05-13 11:07:43'),(100,54,2,'2015-09-28 09:05:42','2020-05-13 11:07:43'),(100,81,3,'2017-01-24 11:28:02','2020-02-05 10:55:06'),(100,87,1,'2010-06-17 23:41:39','2012-04-11 20:27:03');
/*!40000 ALTER TABLE `friendship` ENABLE KEYS */;
UNLOCK TABLES;

--
-- Table structure for table `friendship_statuses`
--

DROP TABLE IF EXISTS `friendship_statuses`;
/*!40101 SET @saved_cs_client     = @@character_set_client */;
/*!50503 SET character_set_client = utf8mb4 */;
CREATE TABLE `friendship_statuses` (
  `id` int unsigned NOT NULL AUTO_INCREMENT,
  `name` varchar(150) NOT NULL,
  PRIMARY KEY (`id`),
  UNIQUE KEY `name` (`name`)
) ENGINE=InnoDB AUTO_INCREMENT=4 DEFAULT CHARSET=utf8mb4 COLLATE=utf8mb4_0900_ai_ci;
/*!40101 SET character_set_client = @saved_cs_client */;

--
-- Dumping data for table `friendship_statuses`
--

LOCK TABLES `friendship_statuses` WRITE;
/*!40000 ALTER TABLE `friendship_statuses` DISABLE KEYS */;
INSERT INTO `friendship_statuses` VALUES (2,'Confirmed'),(3,'Rejected'),(1,'Requested');
/*!40000 ALTER TABLE `friendship_statuses` ENABLE KEYS */;
UNLOCK TABLES;

--
-- Table structure for table `likes`
--

DROP TABLE IF EXISTS `likes`;
/*!40101 SET @saved_cs_client     = @@character_set_client */;
/*!50503 SET character_set_client = utf8mb4 */;
CREATE TABLE `likes` (
  `id` int unsigned NOT NULL AUTO_INCREMENT,
  `user_id` int unsigned DEFAULT NULL,
  `target_id` int unsigned DEFAULT NULL,
  `target_type_id` int unsigned DEFAULT NULL,
  `created_at` datetime DEFAULT CURRENT_TIMESTAMP,
  PRIMARY KEY (`id`),
  KEY `likes_user_id_fk` (`user_id`),
  KEY `likes_target_type_id_fk` (`target_type_id`),
  CONSTRAINT `likes_target_type_id_fk` FOREIGN KEY (`target_type_id`) REFERENCES `target_types` (`id`) ON DELETE SET NULL,
  CONSTRAINT `likes_user_id_fk` FOREIGN KEY (`user_id`) REFERENCES `users` (`id`) ON DELETE SET NULL
) ENGINE=InnoDB AUTO_INCREMENT=101 DEFAULT CHARSET=utf8mb4 COLLATE=utf8mb4_0900_ai_ci;
/*!40101 SET character_set_client = @saved_cs_client */;

--
-- Dumping data for table `likes`
--

LOCK TABLES `likes` WRITE;
/*!40000 ALTER TABLE `likes` DISABLE KEYS */;
INSERT INTO `likes` VALUES (1,6,47,1,'2020-05-19 19:32:26'),(2,27,96,4,'2020-05-19 19:32:26'),(3,98,99,4,'2020-05-19 19:32:26'),(4,1,7,2,'2020-05-19 19:32:26'),(5,33,74,3,'2020-05-19 19:32:26'),(6,14,68,4,'2020-05-19 19:32:26'),(7,79,3,4,'2020-05-19 19:32:26'),(8,82,74,1,'2020-05-19 19:32:26'),(9,3,37,4,'2020-05-19 19:32:26'),(10,74,38,3,'2020-05-19 19:32:26'),(11,30,40,1,'2020-05-19 19:32:26'),(12,43,73,2,'2020-05-19 19:32:26'),(13,76,61,4,'2020-05-19 19:32:26'),(14,6,96,3,'2020-05-19 19:32:26'),(15,8,64,4,'2020-05-19 19:32:26'),(16,82,24,3,'2020-05-19 19:32:26'),(17,2,85,1,'2020-05-19 19:32:26'),(18,31,1,1,'2020-05-19 19:32:26'),(19,62,69,3,'2020-05-19 19:32:26'),(20,86,52,1,'2020-05-19 19:32:26'),(21,50,45,3,'2020-05-19 19:32:26'),(22,42,82,4,'2020-05-19 19:32:26'),(23,76,25,4,'2020-05-19 19:32:26'),(24,7,44,4,'2020-05-19 19:32:26'),(25,61,9,3,'2020-05-19 19:32:26'),(26,72,82,4,'2020-05-19 19:32:26'),(27,23,34,4,'2020-05-19 19:32:26'),(28,95,77,1,'2020-05-19 19:32:26'),(29,71,51,2,'2020-05-19 19:32:26'),(30,51,32,1,'2020-05-19 19:32:26'),(31,39,74,3,'2020-05-19 19:32:26'),(32,34,16,4,'2020-05-19 19:32:26'),(33,45,89,1,'2020-05-19 19:32:26'),(34,75,50,1,'2020-05-19 19:32:26'),(35,73,91,2,'2020-05-19 19:32:26'),(36,3,7,2,'2020-05-19 19:32:26'),(37,15,94,1,'2020-05-19 19:32:26'),(38,26,66,3,'2020-05-19 19:32:26'),(39,64,62,1,'2020-05-19 19:32:26'),(40,95,28,3,'2020-05-19 19:32:26'),(41,75,18,3,'2020-05-19 19:32:26'),(42,64,31,3,'2020-05-19 19:32:26'),(43,17,96,2,'2020-05-19 19:32:26'),(44,56,95,1,'2020-05-19 19:32:26'),(45,40,85,1,'2020-05-19 19:32:26'),(46,57,78,1,'2020-05-19 19:32:26'),(47,55,23,2,'2020-05-19 19:32:26'),(48,70,5,1,'2020-05-19 19:32:26'),(49,54,28,4,'2020-05-19 19:32:26'),(50,10,11,1,'2020-05-19 19:32:26'),(51,91,81,2,'2020-05-19 19:32:26'),(52,15,77,2,'2020-05-19 19:32:26'),(53,80,71,1,'2020-05-19 19:32:26'),(54,56,36,1,'2020-05-19 19:32:26'),(55,64,75,4,'2020-05-19 19:32:26'),(56,86,81,2,'2020-05-19 19:32:26'),(57,92,17,1,'2020-05-19 19:32:26'),(58,4,85,1,'2020-05-19 19:32:26'),(59,11,13,2,'2020-05-19 19:32:26'),(60,30,49,3,'2020-05-19 19:32:26'),(61,12,3,4,'2020-05-19 19:32:26'),(62,90,10,4,'2020-05-19 19:32:26'),(63,68,99,4,'2020-05-19 19:32:26'),(64,67,54,3,'2020-05-19 19:32:26'),(65,75,74,2,'2020-05-19 19:32:26'),(66,88,12,4,'2020-05-19 19:32:26'),(67,51,64,3,'2020-05-19 19:32:26'),(68,26,38,1,'2020-05-19 19:32:26'),(69,40,68,1,'2020-05-19 19:32:26'),(70,88,84,3,'2020-05-19 19:32:26'),(71,28,72,3,'2020-05-19 19:32:26'),(72,48,23,3,'2020-05-19 19:32:26'),(73,84,8,4,'2020-05-19 19:32:26'),(74,5,67,1,'2020-05-19 19:32:26'),(75,92,4,2,'2020-05-19 19:32:26'),(76,2,83,1,'2020-05-19 19:32:26'),(77,89,19,2,'2020-05-19 19:32:26'),(78,88,53,4,'2020-05-19 19:32:26'),(79,33,71,3,'2020-05-19 19:32:26'),(80,66,60,1,'2020-05-19 19:32:26'),(81,28,36,4,'2020-05-19 19:32:26'),(82,72,71,2,'2020-05-19 19:32:26'),(83,83,94,1,'2020-05-19 19:32:26'),(84,25,60,1,'2020-05-19 19:32:26'),(85,42,35,2,'2020-05-19 19:32:26'),(86,32,18,4,'2020-05-19 19:32:26'),(87,14,88,4,'2020-05-19 19:32:26'),(88,28,45,2,'2020-05-19 19:32:26'),(89,61,87,3,'2020-05-19 19:32:26'),(90,99,37,4,'2020-05-19 19:32:26'),(91,24,58,1,'2020-05-19 19:32:26'),(92,14,15,2,'2020-05-19 19:32:26'),(93,30,44,2,'2020-05-19 19:32:26'),(94,15,87,4,'2020-05-19 19:32:26'),(95,91,81,2,'2020-05-19 19:32:26'),(96,21,4,3,'2020-05-19 19:32:26'),(97,81,28,4,'2020-05-19 19:32:26'),(98,6,33,2,'2020-05-19 19:32:26'),(99,42,62,4,'2020-05-19 19:32:26'),(100,47,72,1,'2020-05-19 19:32:26');
/*!40000 ALTER TABLE `likes` ENABLE KEYS */;
UNLOCK TABLES;

--
-- Table structure for table `media`
--

DROP TABLE IF EXISTS `media`;
/*!40101 SET @saved_cs_client     = @@character_set_client */;
/*!50503 SET character_set_client = utf8mb4 */;
CREATE TABLE `media` (
  `id` int unsigned NOT NULL AUTO_INCREMENT,
  `user_id` int unsigned DEFAULT NULL,
  `filename` varchar(255) NOT NULL,
  `size` int NOT NULL,
  `metadata` json DEFAULT NULL,
  `media_type_id` int unsigned DEFAULT NULL,
  `created_at` datetime DEFAULT CURRENT_TIMESTAMP,
  `updated_at` datetime DEFAULT CURRENT_TIMESTAMP ON UPDATE CURRENT_TIMESTAMP,
  PRIMARY KEY (`id`),
  KEY `media_user_id_fk` (`user_id`),
  KEY `media_type_id_fk` (`media_type_id`),
  CONSTRAINT `media_type_id_fk` FOREIGN KEY (`media_type_id`) REFERENCES `media_types` (`id`) ON DELETE SET NULL,
  CONSTRAINT `media_user_id_fk` FOREIGN KEY (`user_id`) REFERENCES `users` (`id`) ON DELETE SET NULL
) ENGINE=InnoDB AUTO_INCREMENT=101 DEFAULT CHARSET=utf8mb4 COLLATE=utf8mb4_0900_ai_ci;
/*!40101 SET character_set_client = @saved_cs_client */;

--
-- Dumping data for table `media`
--

LOCK TABLES `media` WRITE;
/*!40000 ALTER TABLE `media` DISABLE KEYS */;
INSERT INTO `media` VALUES (1,43,'https://dropbox/vk/src/for/481/kxh.dat.png',107445,'{\"owner\": \"Jennifer Brekke\"}',3,'2018-09-06 15:31:35','2020-05-13 10:54:15'),(2,73,'https://dropbox/vk/src/ngd/333/ijg.dat.mpeg',66395086,'{\"owner\": \"Trycia Bode\"}',3,'2014-05-10 09:39:59','2020-05-13 10:54:15'),(3,29,'https://dropbox/vk/src/znd/937/qkq.dat.avi',428133,'{\"owner\": \"Elena Dickinson\"}',1,'2020-03-26 02:55:33','2020-05-13 10:54:15'),(4,93,'https://dropbox/vk/src/fud/793/tug.dat.jpeg',1369,'{\"owner\": \"Anastacio Collins\"}',3,'2015-09-05 11:57:08','2020-05-13 10:54:15'),(5,94,'https://dropbox/vk/src/vkv/287/qxz.dat.avi',557838,'{\"owner\": \"Rodger Predovic\"}',3,'2012-12-02 14:37:51','2020-05-13 10:54:15'),(6,39,'https://dropbox/vk/src/tog/637/uey.dat.avi',484569,'{\"owner\": \"Tania Connelly\"}',2,'2016-10-12 07:46:21','2020-05-13 10:54:15'),(7,95,'https://dropbox/vk/src/xzg/331/cfu.dat.mpeg',494794,'{\"owner\": \"Lorine DuBuque\"}',3,'2019-08-05 08:30:56','2020-05-13 10:54:15'),(8,41,'https://dropbox/vk/src/giz/316/ogw.dat.avi',47068,'{\"owner\": \"Josiane Wintheiser\"}',1,'2016-02-18 09:49:26','2020-05-13 10:54:15'),(9,8,'https://dropbox/vk/src/pep/217/vnj.dat.avi',790457,'{\"owner\": \"Darron Daugherty\"}',3,'2013-10-30 15:09:41','2020-05-13 10:54:15'),(10,11,'https://dropbox/vk/src/rhd/425/qsv.dat.jpeg',457904,'{\"owner\": \"Evan Muller\"}',3,'2019-02-10 14:51:42','2020-05-13 10:54:15'),(11,62,'https://dropbox/vk/src/sko/644/sxv.dat.jpeg',7760753,'{\"owner\": \"Maggie Kiehn\"}',2,'2019-03-09 14:40:43','2020-05-13 10:54:15'),(12,94,'https://dropbox/vk/src/zms/959/huc.dat.mpeg',9350053,'{\"owner\": \"Rodger Predovic\"}',3,'2013-03-13 20:14:30','2020-05-13 10:54:15'),(13,90,'https://dropbox/vk/src/hgu/605/wyb.dat.jpeg',37186029,'{\"owner\": \"Mckenna Wehner\"}',1,'2018-12-27 05:01:08','2020-05-13 10:54:15'),(14,38,'https://dropbox/vk/src/hsi/360/prh.dat.avi',72048188,'{\"owner\": \"Keira Ziemann\"}',1,'2017-10-27 20:13:18','2020-05-13 10:54:15'),(15,15,'https://dropbox/vk/src/pqk/263/hjl.dat.avi',560979618,'{\"owner\": \"Reba Carroll\"}',3,'2016-09-10 12:27:48','2020-05-13 10:54:15'),(16,80,'https://dropbox/vk/src/lon/196/tdo.dat.mpeg',908150,'{\"owner\": \"Abigail Moore\"}',1,'2012-10-22 22:18:09','2020-05-13 10:54:15'),(17,72,'https://dropbox/vk/src/vwj/126/ant.dat.mpeg',157038,'{\"owner\": \"Mark Kulas\"}',2,'2014-09-03 10:12:56','2020-05-13 10:54:15'),(18,67,'https://dropbox/vk/src/rcj/548/yze.dat.avi',96274523,'{\"owner\": \"Miguel West\"}',3,'2012-05-12 22:50:23','2020-05-13 10:54:15'),(19,97,'https://dropbox/vk/src/bvr/634/knl.dat.avi',46332,'{\"owner\": \"Aurelia Spinka\"}',2,'2014-06-26 03:03:35','2020-05-13 10:54:15'),(20,85,'https://dropbox/vk/src/ehk/989/ddi.dat.jpeg',38808470,'{\"owner\": \"Waldo Mertz\"}',3,'2010-06-27 11:07:19','2020-05-13 10:54:15'),(21,77,'https://dropbox/vk/src/jar/970/jdp.dat.mpeg',198779,'{\"owner\": \"Erich Muller\"}',3,'2012-10-26 10:19:23','2020-05-13 10:54:15'),(22,52,'https://dropbox/vk/src/lgv/152/uox.dat.jpeg',50739,'{\"owner\": \"Sandy Flatley\"}',3,'2012-09-26 03:49:18','2020-05-13 10:54:15'),(23,67,'https://dropbox/vk/src/vrn/760/mrt.dat.png',705890,'{\"owner\": \"Miguel West\"}',2,'2012-07-29 21:04:20','2020-05-13 10:54:15'),(24,13,'https://dropbox/vk/src/ddy/109/lki.dat.jpeg',22563685,'{\"owner\": \"Marty Runte\"}',3,'2011-01-12 09:32:51','2020-05-13 10:54:15'),(25,72,'https://dropbox/vk/src/xzm/719/kfx.dat.avi',3967424,'{\"owner\": \"Mark Kulas\"}',1,'2014-04-25 05:03:37','2020-05-13 10:54:15'),(26,81,'https://dropbox/vk/src/yto/606/tni.dat.mpeg',341009767,'{\"owner\": \"Lina Harris\"}',3,'2014-11-24 22:52:58','2020-05-13 10:54:15'),(27,84,'https://dropbox/vk/src/zai/747/dly.dat.jpeg',26513,'{\"owner\": \"King Lowe\"}',1,'2013-09-04 09:33:49','2020-05-13 10:54:15'),(28,52,'https://dropbox/vk/src/afn/136/shg.dat.avi',772583,'{\"owner\": \"Sandy Flatley\"}',3,'2013-11-03 15:08:38','2020-05-13 10:54:15'),(29,88,'https://dropbox/vk/src/jcg/898/yln.dat.mpeg',5751072,'{\"owner\": \"Jennie Leffler\"}',2,'2014-03-22 21:48:29','2020-05-13 10:54:15'),(30,96,'https://dropbox/vk/src/dmr/339/brv.dat.avi',700696,'{\"owner\": \"Nyah Jast\"}',1,'2016-11-07 02:07:41','2020-05-13 10:54:15'),(31,88,'https://dropbox/vk/src/mhu/791/uae.dat.avi',7256,'{\"owner\": \"Jennie Leffler\"}',2,'2019-08-16 21:55:57','2020-05-13 10:54:15'),(32,58,'https://dropbox/vk/src/mvh/727/kmn.dat.png',14168595,'{\"owner\": \"Enola Bernhard\"}',3,'2019-11-05 16:19:56','2020-05-13 10:54:15'),(33,26,'https://dropbox/vk/src/ssm/190/ikv.dat.png',5223,'{\"owner\": \"Aron Windler\"}',2,'2015-05-12 05:30:00','2020-05-13 10:54:15'),(34,60,'https://dropbox/vk/src/qrz/455/vzu.dat.avi',175734,'{\"owner\": \"Addie Smitham\"}',1,'2014-07-04 16:01:02','2020-05-13 10:54:15'),(35,84,'https://dropbox/vk/src/bxd/654/jbb.dat.mpeg',766583,'{\"owner\": \"King Lowe\"}',2,'2016-05-29 18:55:12','2020-05-13 10:54:15'),(36,12,'https://dropbox/vk/src/vlu/513/wyz.dat.avi',15285,'{\"owner\": \"Merl Rutherford\"}',3,'2010-07-28 22:06:32','2020-05-13 10:54:15'),(37,67,'https://dropbox/vk/src/isz/369/jfx.dat.png',4420035,'{\"owner\": \"Miguel West\"}',2,'2015-07-17 09:58:03','2020-05-13 10:54:15'),(38,33,'https://dropbox/vk/src/rvq/879/nrr.dat.avi',926572831,'{\"owner\": \"Pauline Lang\"}',2,'2012-02-09 00:51:42','2020-05-13 10:54:15'),(39,55,'https://dropbox/vk/src/kys/627/qjr.dat.png',295714,'{\"owner\": \"Vaughn Hahn\"}',1,'2015-02-11 11:25:50','2020-05-13 10:54:15'),(40,7,'https://dropbox/vk/src/fvl/774/xrg.dat.jpeg',293925,'{\"owner\": \"Margarette Nienow\"}',3,'2011-03-09 14:58:27','2020-05-13 10:54:15'),(41,69,'https://dropbox/vk/src/wjm/911/apm.dat.avi',409231655,'{\"owner\": \"Candida Rice\"}',3,'2011-02-10 04:44:53','2020-05-13 10:54:15'),(42,60,'https://dropbox/vk/src/xcl/422/zps.dat.avi',168819,'{\"owner\": \"Addie Smitham\"}',2,'2016-07-06 08:55:09','2020-05-13 10:54:15'),(43,63,'https://dropbox/vk/src/bio/233/gco.dat.jpeg',85356,'{\"owner\": \"Lionel Sporer\"}',2,'2015-06-15 07:27:38','2020-05-13 10:54:15'),(44,25,'https://dropbox/vk/src/nvo/688/naf.dat.avi',946954,'{\"owner\": \"Rex Aufderhar\"}',2,'2014-11-06 20:39:35','2020-05-13 10:54:15'),(45,1,'https://dropbox/vk/src/wak/345/upi.dat.jpeg',218313,'{\"owner\": \"Cydney Ward\"}',2,'2012-05-26 16:42:29','2020-05-13 10:54:15'),(46,51,'https://dropbox/vk/src/uku/870/xsz.dat.mpeg',240703,'{\"owner\": \"Mayra Sipes\"}',1,'2010-08-05 14:16:34','2020-05-13 10:54:15'),(47,94,'https://dropbox/vk/src/tzj/178/yfe.dat.png',572234,'{\"owner\": \"Rodger Predovic\"}',1,'2010-08-18 05:08:28','2020-05-13 10:54:15'),(48,47,'https://dropbox/vk/src/kbe/951/hko.dat.jpeg',538579,'{\"owner\": \"Herminio Grant\"}',1,'2019-06-27 23:53:27','2020-05-13 10:54:15'),(49,33,'https://dropbox/vk/src/xrx/948/agn.dat.avi',960787,'{\"owner\": \"Pauline Lang\"}',1,'2019-01-04 04:27:17','2020-05-13 10:54:15'),(50,41,'https://dropbox/vk/src/soz/513/bzc.dat.png',178197,'{\"owner\": \"Josiane Wintheiser\"}',1,'2011-07-28 06:15:57','2020-05-13 10:54:15'),(51,50,'https://dropbox/vk/src/pkb/135/qjr.dat.jpeg',998626,'{\"owner\": \"Ceasar Ruecker\"}',2,'2013-10-23 20:44:20','2020-05-13 10:54:15'),(52,77,'https://dropbox/vk/src/lin/665/fed.dat.avi',448537,'{\"owner\": \"Erich Muller\"}',2,'2018-06-10 17:11:30','2020-05-13 10:54:15'),(53,15,'https://dropbox/vk/src/gyb/926/nwt.dat.png',236808,'{\"owner\": \"Reba Carroll\"}',3,'2019-07-12 16:52:46','2020-05-13 10:54:15'),(54,49,'https://dropbox/vk/src/giy/175/uvv.dat.png',828431,'{\"owner\": \"Reva Smith\"}',1,'2016-08-29 08:33:59','2020-05-13 10:54:15'),(55,54,'https://dropbox/vk/src/pdx/879/awr.dat.png',580768893,'{\"owner\": \"Catharine Breitenberg\"}',2,'2010-12-28 11:35:45','2020-05-13 10:54:15'),(56,96,'https://dropbox/vk/src/ous/490/qjk.dat.jpeg',421732,'{\"owner\": \"Nyah Jast\"}',1,'2017-11-25 20:32:26','2020-05-13 10:54:15'),(57,44,'https://dropbox/vk/src/enu/957/ebo.dat.png',32617,'{\"owner\": \"Esteban Bode\"}',2,'2011-10-30 19:18:40','2020-05-13 10:54:15'),(58,74,'https://dropbox/vk/src/sbk/204/ack.dat.jpeg',19167345,'{\"owner\": \"Helene Parker\"}',1,'2018-10-02 04:14:13','2020-05-13 10:54:15'),(59,67,'https://dropbox/vk/src/xod/770/hll.dat.avi',613366,'{\"owner\": \"Miguel West\"}',3,'2013-02-01 05:51:38','2020-05-13 10:54:15'),(60,55,'https://dropbox/vk/src/zjh/164/bel.dat.avi',1582617,'{\"owner\": \"Vaughn Hahn\"}',3,'2012-12-09 15:39:32','2020-05-13 10:54:15'),(61,18,'https://dropbox/vk/src/cut/132/ndd.dat.mpeg',791636,'{\"owner\": \"Ethyl Fay\"}',3,'2018-03-28 05:20:31','2020-05-13 10:54:15'),(62,55,'https://dropbox/vk/src/eoh/376/icc.dat.mpeg',108081,'{\"owner\": \"Vaughn Hahn\"}',2,'2012-09-01 10:10:46','2020-05-13 10:54:15'),(63,15,'https://dropbox/vk/src/lmx/660/eye.dat.jpeg',155499,'{\"owner\": \"Reba Carroll\"}',1,'2013-06-18 19:29:47','2020-05-13 10:54:15'),(64,30,'https://dropbox/vk/src/imw/725/syz.dat.mpeg',443251,'{\"owner\": \"Grover Zulauf\"}',1,'2011-09-20 18:34:51','2020-05-13 10:54:15'),(65,8,'https://dropbox/vk/src/jfa/584/qct.dat.mpeg',13721,'{\"owner\": \"Darron Daugherty\"}',1,'2015-03-14 08:59:24','2020-05-13 10:54:15'),(66,64,'https://dropbox/vk/src/yxa/904/mex.dat.mpeg',739760,'{\"owner\": \"Issac Hills\"}',1,'2016-03-23 07:41:23','2020-05-13 10:54:15'),(67,22,'https://dropbox/vk/src/mcp/332/xbn.dat.jpeg',359048,'{\"owner\": \"Jasen Mayert\"}',3,'2014-04-13 15:22:09','2020-05-13 10:54:15'),(68,74,'https://dropbox/vk/src/ixb/857/wel.dat.avi',24773343,'{\"owner\": \"Helene Parker\"}',2,'2011-11-12 09:48:05','2020-05-13 10:54:15'),(69,50,'https://dropbox/vk/src/tqb/264/jul.dat.avi',2588,'{\"owner\": \"Ceasar Ruecker\"}',1,'2012-06-16 22:42:17','2020-05-13 10:54:15'),(70,6,'https://dropbox/vk/src/ogj/586/ann.dat.jpeg',9644587,'{\"owner\": \"Rudolph Powlowski\"}',1,'2017-01-05 03:33:29','2020-05-13 10:54:15'),(71,78,'https://dropbox/vk/src/uft/320/dva.dat.jpeg',565959,'{\"owner\": \"Jaqueline Braun\"}',1,'2013-11-01 00:00:29','2020-05-13 10:54:15'),(72,26,'https://dropbox/vk/src/rbg/649/cym.dat.png',9707759,'{\"owner\": \"Aron Windler\"}',1,'2016-03-17 02:20:25','2020-05-13 10:54:15'),(73,57,'https://dropbox/vk/src/iuk/376/xwc.dat.mpeg',742651,'{\"owner\": \"Melisa Becker\"}',2,'2018-07-29 00:15:07','2020-05-13 10:54:15'),(74,27,'https://dropbox/vk/src/kqm/911/esr.dat.jpeg',1005380,'{\"owner\": \"Eliseo Larson\"}',3,'2015-05-16 04:29:35','2020-05-13 10:54:15'),(75,98,'https://dropbox/vk/src/lwo/816/czf.dat.png',788948,'{\"owner\": \"August Metz\"}',1,'2013-01-08 23:46:30','2020-05-13 10:54:15'),(76,89,'https://dropbox/vk/src/zko/792/rsk.dat.avi',99879,'{\"owner\": \"Rhett Mayert\"}',1,'2018-07-13 07:25:22','2020-05-13 10:54:15'),(77,88,'https://dropbox/vk/src/qew/345/xxb.dat.avi',6909,'{\"owner\": \"Jennie Leffler\"}',3,'2019-10-21 01:04:12','2020-05-13 10:54:15'),(78,26,'https://dropbox/vk/src/lje/405/kvv.dat.mpeg',98456382,'{\"owner\": \"Aron Windler\"}',1,'2011-08-16 01:54:07','2020-05-13 10:54:15'),(79,44,'https://dropbox/vk/src/lyj/787/evz.dat.avi',4477,'{\"owner\": \"Esteban Bode\"}',1,'2013-04-27 15:27:41','2020-05-13 10:54:15'),(80,49,'https://dropbox/vk/src/ltn/950/jsc.dat.png',918602,'{\"owner\": \"Reva Smith\"}',3,'2019-04-22 18:09:05','2020-05-13 10:54:15'),(81,26,'https://dropbox/vk/src/vfm/356/kbh.dat.avi',216164,'{\"owner\": \"Aron Windler\"}',1,'2019-10-30 01:12:30','2020-05-13 10:54:15'),(82,8,'https://dropbox/vk/src/nhf/673/wva.dat.avi',315016,'{\"owner\": \"Darron Daugherty\"}',3,'2014-02-14 01:01:09','2020-05-13 10:54:15'),(83,52,'https://dropbox/vk/src/nqe/978/tfp.dat.mpeg',717981,'{\"owner\": \"Sandy Flatley\"}',2,'2012-10-02 07:02:36','2020-05-13 10:54:15'),(84,84,'https://dropbox/vk/src/hzt/254/ntf.dat.avi',916587,'{\"owner\": \"King Lowe\"}',1,'2011-11-03 20:55:28','2020-05-13 10:54:15'),(85,4,'https://dropbox/vk/src/csy/850/kmf.dat.avi',2532280,'{\"owner\": \"Addie Kub\"}',1,'2018-03-08 17:41:09','2020-05-13 10:54:15'),(86,4,'https://dropbox/vk/src/ntb/768/jyu.dat.avi',1592493,'{\"owner\": \"Addie Kub\"}',3,'2019-11-03 11:38:08','2020-05-13 10:54:15'),(87,90,'https://dropbox/vk/src/agp/026/wpe.dat.png',627889,'{\"owner\": \"Mckenna Wehner\"}',1,'2017-02-05 21:24:37','2020-05-13 10:54:15'),(88,3,'https://dropbox/vk/src/ghv/523/wbf.dat.png',779916928,'{\"owner\": \"Josefa Spencer\"}',1,'2017-02-24 17:27:14','2020-05-13 10:54:15'),(89,29,'https://dropbox/vk/src/muf/305/ctm.dat.png',596195557,'{\"owner\": \"Elena Dickinson\"}',1,'2015-03-28 03:55:09','2020-05-13 10:54:15'),(90,69,'https://dropbox/vk/src/pdl/584/pxm.dat.avi',379684,'{\"owner\": \"Candida Rice\"}',2,'2012-09-16 16:33:48','2020-05-13 10:54:15'),(91,12,'https://dropbox/vk/src/qkd/891/ddq.dat.png',1004755,'{\"owner\": \"Merl Rutherford\"}',1,'2016-11-07 08:32:33','2020-05-13 10:54:15'),(92,41,'https://dropbox/vk/src/bdi/959/mda.dat.avi',99433,'{\"owner\": \"Josiane Wintheiser\"}',3,'2013-12-27 06:53:24','2020-05-13 10:54:15'),(93,100,'https://dropbox/vk/src/epp/182/oqb.dat.png',3851,'{\"owner\": \"Rollin Kub\"}',2,'2013-08-18 07:02:26','2020-05-13 10:54:15'),(94,1,'https://dropbox/vk/src/lbm/299/tiw.dat.avi',828953662,'{\"owner\": \"Cydney Ward\"}',3,'2010-07-29 14:32:24','2020-05-13 10:54:15'),(95,22,'https://dropbox/vk/src/pyy/550/fjr.dat.png',772233687,'{\"owner\": \"Jasen Mayert\"}',1,'2017-04-28 05:06:29','2020-05-13 10:54:15'),(96,94,'https://dropbox/vk/src/fzn/950/rrh.dat.jpeg',874723,'{\"owner\": \"Rodger Predovic\"}',2,'2018-03-04 04:43:20','2020-05-13 10:54:15'),(97,61,'https://dropbox/vk/src/bbl/629/sng.dat.avi',349351,'{\"owner\": \"Alford Wunsch\"}',2,'2017-06-07 16:43:37','2020-05-13 10:54:15'),(98,95,'https://dropbox/vk/src/gof/028/vxb.dat.avi',19105,'{\"owner\": \"Lorine DuBuque\"}',2,'2010-06-25 02:02:41','2020-05-13 10:54:15'),(99,83,'https://dropbox/vk/src/qsf/854/ebf.dat.jpeg',79674,'{\"owner\": \"Cristobal West\"}',3,'2016-01-03 01:37:51','2020-05-13 10:54:15'),(100,14,'https://dropbox/vk/src/lcu/141/xyx.dat.jpeg',7198,'{\"owner\": \"Luisa Ankunding\"}',1,'2013-12-13 03:23:19','2020-05-13 10:54:15');
/*!40000 ALTER TABLE `media` ENABLE KEYS */;
UNLOCK TABLES;

--
-- Table structure for table `media_types`
--

DROP TABLE IF EXISTS `media_types`;
/*!40101 SET @saved_cs_client     = @@character_set_client */;
/*!50503 SET character_set_client = utf8mb4 */;
CREATE TABLE `media_types` (
  `id` int unsigned NOT NULL AUTO_INCREMENT,
  `name` varchar(255) NOT NULL,
  PRIMARY KEY (`id`),
  UNIQUE KEY `name` (`name`)
) ENGINE=InnoDB AUTO_INCREMENT=4 DEFAULT CHARSET=utf8mb4 COLLATE=utf8mb4_0900_ai_ci;
/*!40101 SET character_set_client = @saved_cs_client */;

--
-- Dumping data for table `media_types`
--

LOCK TABLES `media_types` WRITE;
/*!40000 ALTER TABLE `media_types` DISABLE KEYS */;
INSERT INTO `media_types` VALUES (3,'audio'),(1,'photo'),(2,'video');
/*!40000 ALTER TABLE `media_types` ENABLE KEYS */;
UNLOCK TABLES;

--
-- Table structure for table `messages`
--

DROP TABLE IF EXISTS `messages`;
/*!40101 SET @saved_cs_client     = @@character_set_client */;
/*!50503 SET character_set_client = utf8mb4 */;
CREATE TABLE `messages` (
  `id` int unsigned NOT NULL AUTO_INCREMENT,
  `from_user_id` int unsigned DEFAULT NULL,
  `to_user_id` int unsigned DEFAULT NULL,
  `body` text NOT NULL,
  `is_important` tinyint(1) DEFAULT NULL,
  `is_delivered` tinyint(1) DEFAULT NULL,
  `created_at` datetime DEFAULT CURRENT_TIMESTAMP,
  PRIMARY KEY (`id`),
  KEY `messages_from_user_id_fk` (`from_user_id`),
  KEY `messages_to_user_id_fk` (`to_user_id`),
  CONSTRAINT `messages_from_user_id_fk` FOREIGN KEY (`from_user_id`) REFERENCES `users` (`id`) ON DELETE SET NULL,
  CONSTRAINT `messages_to_user_id_fk` FOREIGN KEY (`to_user_id`) REFERENCES `users` (`id`) ON DELETE SET NULL
) ENGINE=InnoDB AUTO_INCREMENT=101 DEFAULT CHARSET=utf8mb4 COLLATE=utf8mb4_0900_ai_ci;
/*!40101 SET character_set_client = @saved_cs_client */;

--
-- Dumping data for table `messages`
--

LOCK TABLES `messages` WRITE;
/*!40000 ALTER TABLE `messages` DISABLE KEYS */;
INSERT INTO `messages` VALUES (1,43,68,'Footman remarked, \'till tomorrow--\' At this the whole pack rose up into the open air. \'IF I don\'t keep the same year for such a thing as \"I eat what I could let you out, you know.\' \'And what an.',0,0,'2013-11-13 17:50:40'),(2,70,73,'King triumphantly, pointing to the shore. CHAPTER III. A Caucus-Race and a pair of white kid gloves, and she could see this, as she could. The next thing is, to get through the neighbouring.',1,1,'2012-05-07 13:20:17'),(3,40,81,'THIS size: why, I should understand that better,\' Alice said nothing; she had found her head down to nine inches high. CHAPTER VI. Pig and Pepper For a minute or two, looking for eggs, I know all.',1,1,'2015-08-29 06:09:01'),(4,58,28,'There seemed to be nothing but a pack of cards: the Knave of Hearts, who only bowed and smiled in reply. \'Please come back and see after some executions I have done that, you know,\' said the Dodo.',1,0,'2011-10-10 22:27:03'),(5,42,96,'Dinah my dear! I shall be a footman because he was speaking, and this time the Queen jumped up and leave the court; but on second thoughts she decided to remain where she was, and waited. When the.',1,1,'2012-01-01 17:31:10'),(6,96,29,'Adventures, till she was peering about anxiously among the trees upon her knee, and the moon, and memory, and muchness--you know you say pig, or fig?\' said the King in a furious passion, and went.',1,0,'2012-08-27 19:59:00'),(7,49,48,'There was a little shriek and a bright brass plate with the next moment she felt sure she would keep, through all her knowledge of history, Alice had learnt several things of this remark, and.',1,1,'2015-09-12 06:19:42'),(8,62,97,'Cat. \'--so long as I get SOMEWHERE,\' Alice added as an explanation; \'I\'ve none of YOUR adventures.\' \'I could tell you just now what the moral of that is--\"Be what you would seem to come before.',0,0,'2017-07-18 22:01:50'),(9,69,33,'So they got settled down again, the cook tulip-roots instead of onions.\' Seven flung down his cheeks, he went on, \'that they\'d let Dinah stop in the beautiful garden, among the trees, a little.',0,0,'2017-10-30 07:57:59'),(10,90,58,'Who ever saw in another moment, when she turned away. \'Come back!\' the Caterpillar decidedly, and he went on just as if he thought it must be kind to them,\' thought Alice, \'shall I NEVER get any.',0,0,'2018-10-09 15:54:30'),(11,30,45,'Beautiful, beautiful Soup! Beau--ootiful Soo--oop! Beau--ootiful Soo--oop! Beau--ootiful Soo--oop! Soo--oop of the reeds--the rattling teacups would change to tinkling sheep-bells, and the game.',0,1,'2015-10-15 00:06:36'),(12,96,23,'I\'ve got to come once a week: HE taught us Drawling, Stretching, and Fainting in Coils.\' \'What was that?\' inquired Alice. \'Reeling and Writhing, of course, Alice could see, when she looked down at.',0,1,'2020-01-16 18:05:23'),(13,90,32,'As she said to herself; \'I should like to be ashamed of yourself for asking such a tiny little thing!\' said the youth, \'one would hardly suppose That your eye was as steady as ever; Yet you finished.',0,1,'2014-06-03 06:17:17'),(14,20,36,'Majesty,\' said the Mock Turtle sang this, very slowly and sadly:-- \'\"Will you walk a little scream, half of them--and it belongs to a shriek, \'and just as if it please your Majesty!\' the Duchess to.',0,0,'2011-02-15 10:59:16'),(15,20,49,'VERY long claws and a fan! Quick, now!\' And Alice was not a moment to be sure; but I grow at a king,\' said Alice. \'Why not?\' said the King eagerly, and he wasn\'t going to say,\' said the Mock Turtle.',0,1,'2016-12-21 12:33:15'),(16,35,63,'I like\"!\' \'You might just as she could not possibly reach it: she could for sneezing. There was no time to hear his history. I must be a great hurry; \'this paper has just been picked up.\' \'What\'s in.',0,1,'2014-11-30 05:51:39'),(17,17,5,'Let me think: was I the same size for ten minutes together!\' \'Can\'t remember WHAT things?\' said the King, \'and don\'t be particular--Here, Bill! catch hold of this remark, and thought to herself..',1,1,'2017-01-24 13:22:31'),(18,36,56,'Dormouse, who was trembling down to look at all fairly,\' Alice began, in a deep sigh, \'I was a long hookah, and taking not the smallest idea how to get to,\' said the Mock Turtle at last, and they.',0,0,'2017-12-10 09:31:51'),(19,85,93,'His voice has a timid and tremulous sound.] \'That\'s different from what I get\" is the reason so many tea-things are put out here?\' she asked. \'Yes, that\'s it,\' said the youth, \'one would hardly.',1,1,'2019-08-18 02:54:27'),(20,83,26,'Cat, and vanished. Alice was not otherwise than what it was certainly not becoming. \'And that\'s the jury-box,\' thought Alice, \'or perhaps they won\'t walk the way wherever she wanted to send the.',1,1,'2018-02-11 12:51:08'),(21,89,79,'Do you think I can go back and see what would be very likely true.) Down, down, down. Would the fall NEVER come to the beginning of the crowd below, and there was silence for some way of escape, and.',1,0,'2012-01-14 06:21:51'),(22,55,37,'Mouse was bristling all over, and she said to Alice, that she was in such a puzzled expression that she remained the same thing as a cushion, resting their elbows on it, and on it (as she had never.',1,1,'2019-11-04 18:43:21'),(23,27,16,'Why, I do it again and again.\' \'You are all dry, he is gay as a last resource, she put one arm out of breath, and said anxiously to herself, as usual. I wonder what was going to leave the court; but.',1,0,'2018-12-14 22:33:04'),(24,34,96,'White Rabbit cried out, \'Silence in the direction in which you usually see Shakespeare, in the act of crawling away: besides all this, there was not even room for this, and after a few yards off..',1,1,'2016-12-14 12:06:08'),(25,49,23,'I hadn\'t to bring tears into her eyes--and still as she stood watching them, and then quietly marched off after the candle is blown out, for she was beginning to get her head pressing against the.',1,0,'2010-06-24 00:39:03'),(26,54,78,'Gryphon. \'Do you play croquet with the end of the court. All this time with one of them hit her in an angry voice--the Rabbit\'s--\'Pat! Pat! Where are you?\' said Alice, looking down with one finger.',1,0,'2012-04-18 02:28:39'),(27,68,49,'Improve his shining tail, And pour the waters of the trial.\' \'Stupid things!\' Alice thought she might find another key on it, or at least one of the players to be a footman in livery came running.',0,1,'2017-10-17 20:29:36'),(28,100,58,'However, the Multiplication Table doesn\'t signify: let\'s try Geography. London is the use of a candle is like after the others. \'Are their heads downward! The Antipathies, I think--\' (she was rather.',1,1,'2013-03-31 04:55:22'),(29,81,20,'Alice laughed so much already, that it was the first figure!\' said the Hatter. \'Nor I,\' said the Cat, \'or you wouldn\'t squeeze so.\' said the Caterpillar. Here was another puzzling question; and as.',0,1,'2018-01-21 03:24:22'),(30,93,1,'Alice remained looking thoughtfully at the picture.) \'Up, lazy thing!\' said the Caterpillar. \'Well, I hardly know--No more, thank ye; I\'m better now--but I\'m a deal faster than it does.\' \'Which.',1,0,'2019-09-22 04:42:24'),(31,68,28,'Alice felt that there was no \'One, two, three, and away,\' but they were all ornamented with hearts. Next came the royal children, and make THEIR eyes bright and eager with many a strange tale,.',0,0,'2019-04-14 07:01:36'),(32,63,84,'I heard him declare, \"You have baked me too brown, I must go and get in at once.\' And in she went. Once more she found herself lying on the other birds tittered audibly. \'What I was going off into a.',1,0,'2016-08-09 09:18:56'),(33,33,98,'I know!\' exclaimed Alice, who always took a great hurry. \'You did!\' said the Gryphon, and all dripping wet, cross, and uncomfortable. The first question of course was, how to speak again. In a.',0,1,'2012-08-06 18:49:55'),(34,40,17,'I am now? That\'ll be a grin, and she said this last remark, \'it\'s a vegetable. It doesn\'t look like it?\' he said, \'on and off, for days and days.\' \'But what am I to get us dry would be offended.',0,1,'2011-12-28 02:50:39'),(35,91,23,'Queen, turning purple. \'I won\'t!\' said Alice. \'That\'s very important,\' the King triumphantly, pointing to the executioner: \'fetch her here.\' And the moral of that is--\"Oh, \'tis love, \'tis love, \'tis.',1,1,'2016-11-09 20:39:53'),(36,43,79,'King. \'Nearly two miles high,\' added the Dormouse. \'Write that down,\' the King eagerly, and he poured a little glass box that was sitting on the twelfth?\' Alice went on saying to herself \'It\'s the.',0,1,'2019-03-03 17:59:02'),(37,1,97,'And have grown most uncommonly fat; Yet you turned a corner, \'Oh my ears and the little golden key in the other. In the very tones of her voice. Nobody moved. \'Who cares for fish, Game, or any other.',1,1,'2017-07-26 02:45:43'),(38,16,28,'Rabbit was no longer to be no chance of this, so that her neck kept getting entangled among the distant sobs of the sort,\' said the Duchess. \'Everything\'s got a moral, if only you can find them.\' As.',1,1,'2011-10-12 10:18:48'),(39,13,49,'Sing her \"Turtle Soup,\" will you, won\'t you, will you join the dance? \"You can really have no idea what a wonderful dream it had gone. \'Well! I\'ve often seen them at last, and managed to put it to.',0,0,'2015-01-29 12:36:02'),(40,23,61,'I have to ask any more questions about it, so she began fancying the sort of chance of getting her hands on her lap as if she could not tell whether they were playing the Queen left off, quite out.',1,0,'2011-12-14 03:44:44'),(41,72,76,'However, I\'ve got to see that queer little toss of her going, though she looked up, and began to repeat it, but her voice sounded hoarse and strange, and the m--\' But here, to Alice\'s great.',1,0,'2020-03-19 08:53:23'),(42,39,39,'Queen was silent. The Dormouse again took a minute or two, which gave the Pigeon in a moment. \'Let\'s go on crying in this affair, He trusts to you to learn?\' \'Well, there was no more to come, so she.',0,0,'2014-05-15 00:12:43'),(43,25,39,'And beat him when he sneezes: He only does it matter to me whether you\'re a little bird as soon as the March Hare. \'Then it wasn\'t very civil of you to learn?\' \'Well, there was hardly room to open.',1,0,'2014-04-15 23:53:03'),(44,96,5,'I chose,\' the Duchess to play croquet with the name \'Alice!\' CHAPTER XII. Alice\'s Evidence \'Here!\' cried Alice, jumping up and to her daughter \'Ah, my dear! Let this be a very humble tone, going.',0,0,'2011-01-31 10:14:05'),(45,58,89,'I\'ve finished.\' So they began running about in the grass, merely remarking as it was very likely true.) Down, down, down. Would the fall NEVER come to an end! \'I wonder what CAN have happened to.',1,0,'2012-04-06 17:02:07'),(46,5,26,'Duchess sang the second time round, she found this a good many little girls in my size; and as it was only the pepper that makes the matter with it. There could be no use going back to finish his.',1,1,'2014-05-13 14:24:15'),(47,17,68,'Duchess said to itself in a great hurry. An enormous puppy was looking about for it, he was obliged to have changed since her swim in the sun. (IF you don\'t like them!\' When the procession came.',0,0,'2015-07-08 11:04:11'),(48,10,49,'I\'ve got to come upon them THIS size: why, I should think very likely it can talk: at any rate: go and live in that poky little house, and found quite a commotion in the kitchen that did not answer,.',1,1,'2019-11-23 12:39:21'),(49,66,49,'I have done that, you know,\' said the last concert!\' on which the March Hare. Alice sighed wearily. \'I think I can do without lobsters, you know. But do cats eat bats?\' and sometimes, \'Do bats eat.',1,1,'2015-10-20 16:55:47'),(50,66,56,'WOULD twist itself round and swam slowly back to them, they set to work throwing everything within her reach at the sides of it, and fortunately was just possible it had been. But her sister sat.',0,0,'2012-11-26 06:43:04'),(51,71,8,'Mouse. \'--I proceed. \"Edwin and Morcar, the earls of Mercia and Northumbria, declared for him: and even Stigand, the patriotic archbishop of Canterbury, found it so VERY wide, but she had to ask.',1,0,'2018-06-25 06:23:11'),(52,35,72,'I don\'t think,\' Alice went timidly up to them to be ashamed of yourself for asking such a curious appearance in the air. Even the Duchess was VERY ugly; and secondly, because she was shrinking.',1,0,'2012-07-02 00:07:14'),(53,5,50,'Alice. \'And ever since that,\' the Hatter began, in a voice sometimes choked with sobs, to sing this:-- \'Beautiful Soup, so rich and green, Waiting in a melancholy way, being quite unable to move..',1,1,'2020-03-25 06:02:46'),(54,100,17,'YOUR shoes done with?\' said the Caterpillar, just as she could not help thinking there MUST be more to be told so. \'It\'s really dreadful,\' she muttered to herself, (not in a wondering tone. \'Why,.',0,1,'2016-01-21 17:18:59'),(55,98,22,'The Duchess took no notice of them were animals, and some \'unimportant.\' Alice could bear: she got back to yesterday, because I was a little feeble, squeaking voice, (\'That\'s Bill,\' thought Alice,).',1,1,'2013-12-01 10:33:33'),(56,78,70,'I\'m not myself, you see.\' \'I don\'t think it\'s at all comfortable, and it was out of it, and then dipped suddenly down, so suddenly that Alice quite jumped; but she added, \'and the moral of that.',0,0,'2014-11-21 17:18:12'),(57,98,16,'The judge, by the time they had any dispute with the grin, which remained some time without hearing anything more: at last she stretched her arms folded, frowning like a stalk out of a book,\'.',1,0,'2017-05-21 23:07:32'),(58,9,22,'Then she went on, \'you throw the--\' \'The lobsters!\' shouted the Queen, and in another moment, splash! she was peering about anxiously among the branches, and every now and then at the March Hare.',1,1,'2012-10-31 20:46:14'),(59,54,4,'It means much the same thing, you know.\' \'Not the same thing,\' said the White Rabbit blew three blasts on the ground near the centre of the Queen\'s voice in the sea. But they HAVE their tails fast.',0,0,'2013-06-23 18:39:38'),(60,27,12,'I think you\'d better leave off,\' said the voice. \'Fetch me my gloves this moment!\' Then came a little startled by seeing the Cheshire Cat, she was ever to get to,\' said the Queen. \'Sentence.',0,1,'2019-01-11 03:02:07'),(61,93,31,'Hatter asked triumphantly. Alice did not much larger than a real Turtle.\' These words were followed by a row of lamps hanging from the roof. There were doors all round her, calling out in a confused.',0,1,'2018-04-25 04:18:26'),(62,37,9,'Alice thought over all she could not possibly reach it: she could see, when she was not an encouraging tone. Alice looked all round her, calling out in a rather offended tone, \'was, that the mouse.',0,1,'2017-03-11 08:09:23'),(63,98,46,'Either the well was very glad to do so. \'Shall we try another figure of the sort. Next came the guests, mostly Kings and Queens, and among them Alice recognised the White Rabbit blew three blasts on.',0,1,'2010-06-07 19:07:25'),(64,58,64,'I eat\" is the same side of the window, and on both sides at once. \'Give your evidence,\' said the Pigeon. \'I can hardly breathe.\' \'I can\'t remember half of them--and it belongs to a shriek, \'and just.',0,0,'2016-05-02 22:31:37'),(65,94,23,'Alice thought to herself, \'Now, what am I to get in at the mushroom (she had kept a piece of it at all; however, she went on, turning to the part about her other little children, and everybody.',1,1,'2018-12-25 14:35:44'),(66,19,65,'King. \'Nearly two miles high,\' added the Dormouse. \'Don\'t talk nonsense,\' said Alice a little different. But if I\'m not myself, you see.\' \'I don\'t like the name: however, it only grinned a little.',1,0,'2017-04-07 04:24:26'),(67,31,53,'Suppress him! Pinch him! Off with his head!\' she said, \'and see whether it\'s marked \"poison\" or not\'; for she could remember them, all these changes are! I\'m never sure what I\'m going to shrink any.',1,1,'2013-08-17 11:24:04'),(68,36,35,'The Fish-Footman began by producing from under his arm a great thistle, to keep herself from being broken. She hastily put down yet, before the end of every line: \'Speak roughly to your little boy,.',1,1,'2015-07-05 10:18:31'),(69,2,35,'Why, it fills the whole head appeared, and then turned to the Mock Turtle, and to hear it say, as it lasted.) \'Then the eleventh day must have been changed several times since then.\' \'What do you.',1,1,'2017-12-16 21:53:14'),(70,52,100,'So she called softly after it, and fortunately was just possible it had entirely disappeared; so the King in a hurried nervous manner, smiling at everything about her, to pass away the time. Alice.',1,1,'2010-12-07 20:11:09'),(71,57,29,'Good-bye, feet!\' (for when she found herself falling down a very short time the Queen to-day?\' \'I should like to show you! A little bright-eyed terrier, you know, upon the other side of WHAT? The.',0,1,'2017-09-25 02:51:29'),(72,70,55,'Alice \'without pictures or conversations?\' So she set to work very carefully, remarking, \'I really must be removed,\' said the Rabbit actually TOOK A WATCH OUT OF ITS WAISTCOAT-POCKET, and looked.',0,0,'2018-10-21 02:58:47'),(73,45,78,'I must, I must,\' the King replied. Here the other birds tittered audibly. \'What I was going to give the prizes?\' quite a chorus of \'There goes Bill!\' then the other, and making quite a conversation.',0,1,'2018-03-27 23:15:29'),(74,77,99,'I\'m mad. You\'re mad.\' \'How do you like the look of things at all, at all!\' \'Do as I get it home?\' when it had been. But her sister sat still just as she heard it muttering to itself \'Then I\'ll go.',0,1,'2020-03-02 22:27:49'),(75,82,3,'Alice, in a trembling voice, \'--and I hadn\'t quite finished my tea when I find a thing,\' said the Gryphon. \'Then, you know,\' the Mock Turtle replied; \'and then the Rabbit\'s voice along--\'Catch him,.',1,1,'2017-09-28 20:20:20'),(76,10,74,'Queen had never seen such a pleasant temper, and thought it must be a queer thing, to be in before the trial\'s over!\' thought Alice. \'I\'ve so often read in the same thing as a partner!\' cried the.',1,0,'2016-03-10 18:08:32'),(77,34,47,'Five! Don\'t go splashing paint over me like that!\' But she went on in the middle, being held up by two guinea-pigs, who were all crowded together at one corner of it: \'No room! No room!\' they cried.',1,1,'2013-06-23 10:32:44'),(78,83,32,'Mock Turtle. \'Certainly not!\' said Alice very meekly: \'I\'m growing.\' \'You\'ve no right to think,\' said Alice sharply, for she felt that this could not stand, and she tried to say when I grow at a.',0,1,'2019-06-10 06:07:47'),(79,92,40,'At last the Mouse, turning to Alice, very much to-night, I should understand that better,\' Alice said very politely, \'if I had not gone far before they saw the White Rabbit. She was looking at the.',1,1,'2010-08-30 01:03:51'),(80,95,86,'Rabbit came up to the Classics master, though. He was looking at it gloomily: then he dipped it into one of the mushroom, and her eyes filled with tears again as she spoke. (The unfortunate little.',0,0,'2018-03-12 01:23:02'),(81,62,14,'I to do that,\' said the Cat; and this was not quite like the Mock Turtle in a melancholy tone. \'Nobody seems to like her, down here, that I should frighten them out of court! Suppress him! Pinch.',1,1,'2016-05-04 12:31:21'),(82,50,92,'Mouse with an anxious look at it!\' This speech caused a remarkable sensation among the trees, a little bird as soon as she passed; it was all about, and make one repeat lessons!\' thought Alice; \'but.',0,0,'2015-04-04 15:37:46'),(83,66,86,'Duck and a large one, but it all came different!\' the Mock Turtle: \'crumbs would all come wrong, and she looked down into a large fan in the direction it pointed to, without trying to touch her..',1,0,'2013-01-04 00:30:18'),(84,27,68,'Let me see--how IS it to speak good English); \'now I\'m opening out like the three gardeners, oblong and flat, with their fur clinging close to her feet as the March Hare and his friends shared their.',1,0,'2014-10-25 10:14:13'),(85,21,79,'Either the well was very provoking to find it out, we should all have our heads cut off, you know. Which shall sing?\' \'Oh, YOU sing,\' said the Cat. \'--so long as I tell you!\' But she waited.',0,0,'2014-12-16 14:28:58'),(86,68,77,'NO mistake about it: it was certainly English. \'I don\'t believe there\'s an atom of meaning in it, \'and what is the driest thing I ask! It\'s always six o\'clock now.\' A bright idea came into her eyes;.',0,0,'2012-08-02 22:47:21'),(87,8,37,'What happened to you? Tell us all about as she heard a voice of the wood--(she considered him to you, Though they were all turning into little cakes as they were getting so used to say whether the.',1,1,'2010-09-14 06:49:36'),(88,32,52,'King repeated angrily, \'or I\'ll have you executed on the top with its eyelids, so he with his nose Trims his belt and his friends shared their never-ending meal, and the other side will make you.',1,0,'2014-06-16 01:52:11'),(89,15,8,'I suppose?\' said Alice. \'Well, then,\' the Cat went on, \'--likely to win, that it\'s hardly worth while finishing the game.\' The Queen turned angrily away from her as she could, and soon found out.',0,0,'2010-12-05 10:49:32'),(90,50,96,'When she got to see a little bottle on it, or at least one of the crowd below, and there they are!\' said the Dodo, pointing to the voice of thunder, and people began running about in all their.',0,0,'2020-03-11 22:43:29'),(91,11,60,'Then it got down off the fire, stirring a large pigeon had flown into her face, with such a noise inside, no one listening, this time, sat down in a tone of this rope--Will the roof was thatched.',0,1,'2012-10-31 09:04:07'),(92,70,44,'Do you think you could keep it to her that she was quite silent for a few minutes, and began picking them up again with a little worried. \'Just about as curious as it spoke. \'As wet as ever,\' said.',0,1,'2018-11-13 06:32:28'),(93,6,52,'The door led right into a graceful zigzag, and was gone across to the garden at once; but, alas for poor Alice! when she first saw the White Rabbit as he fumbled over the edge of her going, though.',0,0,'2018-02-21 18:25:06'),(94,76,98,'Quick, now!\' And Alice was just going to turn into a butterfly, I should have liked teaching it tricks very much, if--if I\'d only been the whiting,\' said the youth, \'one would hardly suppose That.',1,1,'2011-10-31 07:05:31'),(95,91,70,'Dormouse had closed its eyes again, to see you any more!\' And here poor Alice began to cry again, for this time it vanished quite slowly, beginning with the dream of Wonderland of long ago: and how.',0,1,'2010-06-10 00:10:53'),(96,83,52,'HE taught us Drawling, Stretching, and Fainting in Coils.\' \'What was that?\' inquired Alice. \'Reeling and Writhing, of course, I meant,\' the King said, with a trumpet in one hand and a piece of.',0,0,'2015-04-04 04:39:08'),(97,83,33,'Mock Turtle, capering wildly about. \'Change lobsters again!\' yelled the Gryphon added \'Come, let\'s try the whole party swam to the cur, \"Such a trial, dear Sir, With no jury or judge, would be so.',0,1,'2012-08-09 13:53:21'),(98,44,49,'Footman continued in the middle of her ever getting out of the busy farm-yard--while the lowing of the house of the party were placed along the course, here and there. There was nothing on it were.',1,1,'2012-12-01 20:11:32'),(99,18,71,'I\'m not Ada,\' she said, \'for her hair goes in such a thing I know. Silence all round, if you hold it too long; and that makes you forget to talk. I can\'t remember,\' said the Hatter, and, just as.',1,1,'2015-03-18 07:50:37'),(100,17,39,'She stretched herself up closer to Alice\'s great surprise, the Duchess\'s knee, while plates and dishes crashed around it--once more the pig-baby was sneezing and howling alternately without a cat!.',0,0,'2017-10-16 13:55:35');
/*!40000 ALTER TABLE `messages` ENABLE KEYS */;
UNLOCK TABLES;

--
-- Table structure for table `posts`
--

DROP TABLE IF EXISTS `posts`;
/*!40101 SET @saved_cs_client     = @@character_set_client */;
/*!50503 SET character_set_client = utf8mb4 */;
CREATE TABLE `posts` (
  `id` int unsigned NOT NULL AUTO_INCREMENT,
  `user_id` int unsigned DEFAULT NULL,
  `community_id` int unsigned DEFAULT NULL,
  `head` varchar(255) DEFAULT NULL,
  `body` text NOT NULL,
  `media_id` int unsigned DEFAULT NULL,
  `is_public` tinyint(1) DEFAULT '1',
  `is_archived` tinyint(1) DEFAULT '0',
  `views_counter` int unsigned DEFAULT '0',
  `created_at` datetime DEFAULT CURRENT_TIMESTAMP,
  `updated_at` datetime DEFAULT CURRENT_TIMESTAMP ON UPDATE CURRENT_TIMESTAMP,
  PRIMARY KEY (`id`),
  KEY `posts_user_id_fk` (`user_id`),
  KEY `posts_community_id_fk` (`community_id`),
  KEY `posts_media_id_fk` (`media_id`),
  CONSTRAINT `posts_community_id_fk` FOREIGN KEY (`community_id`) REFERENCES `communities` (`id`) ON DELETE SET NULL,
  CONSTRAINT `posts_media_id_fk` FOREIGN KEY (`media_id`) REFERENCES `media` (`id`) ON DELETE SET NULL,
  CONSTRAINT `posts_user_id_fk` FOREIGN KEY (`user_id`) REFERENCES `users` (`id`) ON DELETE SET NULL
) ENGINE=InnoDB AUTO_INCREMENT=101 DEFAULT CHARSET=utf8mb4 COLLATE=utf8mb4_0900_ai_ci;
/*!40101 SET character_set_client = @saved_cs_client */;

--
-- Dumping data for table `posts`
--

LOCK TABLES `posts` WRITE;
/*!40000 ALTER TABLE `posts` DISABLE KEYS */;
INSERT INTO `posts` VALUES (1,3,2,'Alice soon came to the heads of the leaves: \'I should like to drop the jar for fear of killing somebody, so managed to swallow a morsel of the legs of the jurors had a wink of sleep these three.','Labore ab totam fugit. Porro iste perspiciatis quia autem quis consequuntur. Velit dolores esse quaerat quos sed iusto.',36,0,0,95449,'2018-05-14 19:45:23','2020-05-19 21:51:18'),(2,14,3,'Our family always HATED cats: nasty, low, vulgar things! Don\'t let me hear the name of the trees as well to say when I breathe\"!\' \'It IS a long way. So she sat down at them, and it\'ll sit up and.','Et debitis enim debitis qui. Rem accusamus nobis dolore delectus a nulla labore.',79,0,1,97152,'2012-11-12 17:02:23','2020-05-19 21:51:18'),(3,60,9,'First, she tried to open her mouth; but she remembered how small she was now about a foot high: then she walked down the chimney as she left her, leaning her head down to her head, she tried to beat.','Eveniet consequuntur suscipit expedita ipsa. Consequatur laborum quos rerum nihil accusamus. Dolores est quibusdam fuga at.',84,1,1,33205,'2018-08-13 03:16:41','2020-05-19 21:51:18'),(4,66,NULL,'Queen to play croquet with the Queen, pointing to the conclusion that it was too dark to see the Mock Turtle: \'crumbs would all wash off in the air. \'--as far out to her that she was quite.','Maiores voluptate nulla est in. Error similique modi consequatur eum velit velit qui quia. Nostrum itaque voluptas possimus cupiditate. Rerum iste eum et dolore molestiae.',NULL,1,0,49359,'2012-09-18 18:10:03','2020-05-19 19:56:37'),(5,61,6,'Yet you balanced an eel on the back. At last the Dodo in an offended tone, and she did not venture to ask any more HERE.\' \'But then,\' thought Alice, as she could not be denied, so she began again:.','Odit ut dolores nesciunt et. Voluptate pariatur commodi illum id praesentium corrupti occaecati non. Consequatur ut minus at ducimus id ex ratione. Est alias aut sit sed.',86,0,0,26734,'2017-07-13 17:04:18','2020-05-19 21:51:18'),(6,98,1,'CHAPTER VIII. The Queen\'s argument was, that her flamingo was gone in a deep, hollow tone: \'sit down, both of you, and don\'t speak a word till I\'ve finished.\' So they got their tails in their.','Nihil voluptates accusamus aut quasi saepe. Maxime blanditiis tempore ut aut optio aut dolor hic. Molestiae dolore quos consequatur cum illum. Amet aspernatur omnis perferendis quidem dolor atque voluptatem.',2,0,1,61598,'2014-02-19 10:29:13','2020-05-19 21:51:18'),(7,31,6,'White Rabbit, who said in a trembling voice to a farmer, you know, with oh, such long ringlets, and mine doesn\'t go in at the door--I do wish they COULD! I\'m sure she\'s the best cat in the sea. The.','Iste quia consequatur unde. Animi et modi eum accusamus vel deleniti. Quia qui voluptatum esse voluptas quis quia doloremque.',63,0,1,16891,'2011-05-21 20:02:40','2020-05-19 21:51:18'),(8,61,NULL,'Dormouse sulkily remarked, \'If you can\'t think! And oh, my poor little thing was to eat or drink under the door; so either way I\'ll get into her head. Still she went back to them, they set to work.','Quo laboriosam et doloribus quisquam asperiores vel. Omnis perspiciatis illo non enim blanditiis. Aut dolor id illo. Aperiam numquam quis sit consequatur rerum earum nobis.',NULL,0,1,42729,'2014-04-08 16:35:28','2020-05-19 19:56:37'),(9,21,5,'Rabbit whispered in reply, \'for fear they should forget them before the end of the way--\' \'THAT generally takes some time,\' interrupted the Gryphon. Alice did not dare to disobey, though she looked.','Impedit nihil voluptatem similique enim enim et. Accusantium culpa ullam quia architecto sequi. Cumque voluptas magni est perspiciatis. Nam qui ut ut magnam qui laboriosam hic.',94,1,0,89932,'2013-01-22 15:39:47','2020-05-19 21:51:18'),(10,13,10,'The Hatter was out of its mouth, and its great eyes half shut. This seemed to Alice with one elbow against the roof bear?--Mind that loose slate--Oh, it\'s coming down! Heads below!\' (a loud.','Quidem cumque similique harum repellendus. Beatae maiores aperiam inventore minus illo et. Vitae quod voluptates quod neque sed similique.',8,0,0,24255,'2016-03-29 10:05:39','2020-05-19 21:51:18'),(11,32,2,'Lory, as soon as look at them--\'I wish they\'d get the trial one way of speaking to a snail. \"There\'s a porpoise close behind it when she next peeped out the answer to it?\' said the Caterpillar; and.','Temporibus enim culpa velit tempora sed et repudiandae. Quia eos omnis debitis aut aut soluta. Soluta atque excepturi rerum nobis est.',13,0,0,28116,'2015-05-29 15:03:23','2020-05-19 21:51:18'),(12,32,10,'The Dormouse shook its head impatiently, and walked off; the Dormouse into the air, I\'m afraid, sir\' said Alice, \'it\'s very rude.\' The Hatter opened his eyes very wide on hearing this; but all he.','Animi vero dolorum ducimus sint repellat. Perspiciatis ea sint voluptas eligendi est sint. Minima enim nihil aspernatur molestias suscipit. Quas quia eum explicabo impedit neque aut error deleniti.',71,0,1,1932,'2019-07-18 22:38:20','2020-05-19 21:51:18'),(13,25,3,'Dormouse turned out, and, by the fire, licking her paws and washing her face--and she is such a new idea to Alice, \'Have you guessed the riddle yet?\' the Hatter hurriedly left the court, by the.','Ullam nemo aliquam non dolorem sunt enim velit quos. Quos deleniti molestias voluptas voluptas occaecati. Sit sapiente aut facilis eum eum.',23,0,0,99808,'2019-03-12 09:20:09','2020-05-19 21:51:18'),(14,89,3,'But she did not wish to offend the Dormouse denied nothing, being fast asleep. \'After that,\' continued the Gryphon. \'Well, I shan\'t go, at any rate he might answer questions.--How am I to get.','Aut sapiente rerum dicta id minus ut explicabo placeat. In cum voluptates error soluta. Maiores sunt aut perferendis facilis dignissimos.',60,0,1,98271,'2010-11-16 02:52:47','2020-05-19 21:51:18'),(15,53,7,'WOULD put their heads off?\' shouted the Queen. \'Well, I hardly know--No more, thank ye; I\'m better now--but I\'m a hatter.\' Here the Dormouse said--\' the Hatter was the BEST butter, you know.\' \'And.','Quia deleniti placeat in et quos nulla. Neque ut voluptatibus impedit est molestiae eius. Quam eaque cupiditate hic veritatis voluptatibus consequatur ut. Dolorum maiores ullam consequatur explicabo.',67,0,1,94727,'2015-06-05 21:00:50','2020-05-19 21:51:18'),(16,12,7,'Alice, as she went on eagerly. \'That\'s enough about lessons,\' the Gryphon answered, very nearly carried it off. * * * * * * * * * * * * * * * * * * * * * * * * * * * * * * * * * \'Come, my head\'s.','Cupiditate excepturi vitae aliquid suscipit est minima sit. Incidunt quis aliquid voluptatum amet rerum explicabo nesciunt. Dicta eos accusamus explicabo est aut illo. Architecto mollitia rerum laborum qui impedit illo.',12,1,0,95415,'2010-06-13 04:06:10','2020-05-19 21:51:18'),(17,91,4,'Alice, so please your Majesty,\' the Hatter were having tea at it: a Dormouse was sitting on the table. \'Nothing can be clearer than THAT. Then again--\"BEFORE SHE HAD THIS FIT--\" you never tasted an.','Culpa enim odio incidunt sunt ipsam dolores eaque. Magni ut sint quasi architecto impedit nemo. Qui et autem totam iure.',NULL,0,1,11718,'2013-05-25 16:44:23','2020-05-19 21:51:18'),(18,95,7,'ALL RETURNED FROM HIM TO YOU,\"\' said Alice. \'Well, then,\' the Gryphon replied rather crossly: \'of course you know why it\'s called a whiting?\' \'I never heard it say to itself, \'Oh dear! Oh dear! I.','Earum unde possimus qui adipisci sed nobis. Accusantium qui voluptatem corporis optio enim iste. Tempore voluptatibus qui assumenda dolor.',NULL,0,1,4662,'2012-08-02 10:35:47','2020-05-19 21:51:18'),(19,83,NULL,'Ugh, Serpent!\' \'But I\'m NOT a serpent!\' said Alice sharply, for she was beginning very angrily, but the Hatter replied. \'Of course they were\', said the last word with such sudden violence that Alice.','Velit placeat natus et qui aperiam quia eligendi. Odio voluptas aut provident labore ea fugit alias.',33,0,0,8915,'2018-12-03 04:06:21','2020-05-19 19:55:33'),(20,16,2,'CURTSEYING as you\'re falling through the doorway; \'and even if my head would go through,\' thought poor Alice, \'when one wasn\'t always growing larger and smaller, and being so many out-of-the-way.','Praesentium doloribus deleniti laudantium ipsa in quam. At quae suscipit quo ullam quaerat ut fugit. Fuga temporibus voluptas nihil pariatur qui.',56,1,1,9446,'2018-06-01 17:06:13','2020-05-19 21:51:18'),(21,43,9,'IS it to half-past one as long as you can--\' \'Swim after them!\' screamed the Gryphon. \'I mean, what makes them bitter--and--and barley-sugar and such things that make children sweet-tempered. I only.','Ut quis fuga sit rerum necessitatibus ab. Fugiat in corporis numquam non. Tenetur qui sunt maxime rem a quam assumenda.',94,1,1,88133,'2017-01-21 00:41:29','2020-05-19 21:51:18'),(22,57,9,'Alice dodged behind a great hurry to get very tired of this. I vote the young man said, \'And your hair has become very white; And yet I wish I had not gone (We know it to half-past one as long as.','Vero qui quisquam facere nam expedita doloribus velit. Et velit quibusdam sequi itaque. Adipisci saepe qui voluptas recusandae et rerum voluptas.',68,1,0,71461,'2013-07-15 12:28:23','2020-05-19 21:51:18'),(23,13,5,'Father William,\' the young Crab, a little scream of laughter. \'Oh, hush!\' the Rabbit say to this: so she went on: \'But why did they draw?\' said Alice, swallowing down her flamingo, and began picking.','Qui temporibus iure omnis consequuntur doloremque. Omnis ea aperiam molestiae labore dolor quod. Commodi libero reiciendis quia voluptas eos possimus molestiae. Voluptatem dicta qui occaecati et non voluptas.',44,0,0,85007,'2016-11-30 09:21:30','2020-05-19 21:51:18'),(24,51,9,'Hatter. \'Nor I,\' said the Duchess: \'and the moral of that is--\"The more there is of yours.\"\' \'Oh, I know!\' exclaimed Alice, who always took a great deal of thought, and rightly too, that very few.','Eius aut nulla omnis ad omnis officiis. Ipsa temporibus et et vero asperiores eligendi. Ipsam sed quasi ratione aspernatur velit debitis.',47,0,1,84213,'2010-12-19 07:31:49','2020-05-19 21:51:18'),(25,57,2,'I\'d taken the highest tree in the sea, though you mayn\'t believe it--\' \'I never heard it say to itself in a natural way again. \'I wonder what they\'ll do next! As for pulling me out of this elegant.','Dolorum repellendus sunt recusandae nam adipisci. Sint error eum dolore veniam quaerat non sit.',65,1,0,99369,'2016-02-25 21:39:48','2020-05-19 21:51:18'),(26,76,9,'Bill, the Lizard) could not swim. He sent them word I had to kneel down on the bank, with her face like the look of the room. The cook threw a frying-pan after her as hard as she had not attended to.','Aut facilis eum voluptas reiciendis delectus eos. Beatae ut nesciunt voluptas aspernatur laboriosam voluptate. Molestias dignissimos ut natus quibusdam nisi nobis est reiciendis. Ab magnam voluptate delectus et quia.',78,0,1,85564,'2013-06-23 18:07:38','2020-05-19 21:51:18'),(27,89,NULL,'This of course, I meant,\' the King eagerly, and he went on \'And how do you know I\'m mad?\' said Alice. \'Call it what you would have appeared to them to be a comfort, one way--never to be almost out.','Rerum ut laboriosam quis ratione officia. Repellendus dolorum amet voluptatum animi atque accusantium animi. Dolor totam facere quas qui alias in.',NULL,0,1,75492,'2019-06-12 21:38:31','2020-05-19 19:56:37'),(28,1,1,'I ask! It\'s always six o\'clock now.\' A bright idea came into her head. \'If I eat one of the window, and on it but tea. \'I don\'t see,\' said the Pigeon the opportunity of saying to herself in a sort.','Laboriosam eum rerum doloremque vel sequi. Eius vero quas eum maiores. Aut consequatur distinctio impedit saepe blanditiis dolorem. Ut eius dolore ratione enim quis aut temporibus sit. Iure cumque qui necessitatibus et fugit voluptate nihil et.',73,1,0,96585,'2010-11-11 19:04:31','2020-05-19 21:51:18'),(29,2,1,'I shan\'t go, at any rate, there\'s no use in the sky. Twinkle, twinkle--\"\' Here the other guinea-pig cheered, and was going off into a small passage, not much like keeping so close to them, they were.','Provident consequuntur qui suscipit molestias. Provident assumenda omnis eos nisi id qui. Saepe rem consequatur atque voluptatem fuga accusantium. Dolorum non dignissimos et aliquam ut sunt rerum.',30,1,0,91466,'2016-11-18 10:42:07','2020-02-12 05:18:02'),(30,72,5,'So Alice began to say whether the pleasure of making a daisy-chain would be grand, certainly,\' said Alice, rather alarmed at the stick, running a very deep well. Either the well was very provoking.','Et eaque adipisci quibusdam ducimus. Repellendus tempore deserunt quas ut. Et adipisci vero aspernatur repellat tenetur architecto.',4,1,0,30385,'2017-12-15 16:49:26','2020-05-19 21:51:18'),(31,12,1,'NOT marked \'poison,\' it is I hate cats and dogs.\' It was high time to wash the things between whiles.\' \'Then you shouldn\'t talk,\' said the Gryphon as if he would deny it too: but the Hatter.','Sunt aut rerum eos. Eius molestias eos quam qui dolore qui a quia. Error corrupti exercitationem non.',81,1,0,74377,'2017-03-04 21:06:31','2020-05-19 21:51:18'),(32,6,9,'Knave \'Turn them over!\' The Knave of Hearts, he stole those tarts, And took them quite away!\' \'Consider your verdict,\' he said to Alice, she went on. \'Or would you like the tone of great relief..','Est dolorem totam ut et eligendi occaecati. Suscipit dolores explicabo cumque dolorem. Aut quas dignissimos sit aut libero. Qui quia quisquam aliquam aut dolorem sequi.',54,0,1,94038,'2015-03-27 19:55:09','2020-05-19 21:51:18'),(33,14,2,'I should be like then?\' And she tried to open them again, and all the players, except the King, \'unless it was only too glad to do next, when suddenly a White Rabbit blew three blasts on the door.','Quisquam voluptas consequatur voluptatem sed delectus. Repellendus libero et voluptatem aut est cupiditate. Consequatur et vel quia et ut adipisci perferendis ea.',15,0,1,74745,'2017-07-19 09:19:11','2020-05-19 21:51:18'),(34,78,5,'I wonder?\' And here poor Alice in a tone of great dismay, and began whistling. \'Oh, there\'s no name signed at the top of his teacup instead of onions.\' Seven flung down his cheeks, he went on,.','Animi dolor deleniti aliquid rerum sit. Dolor praesentium ut rerum sunt minus voluptatem. Culpa sequi reprehenderit provident neque. Ratione non molestiae saepe nobis.',NULL,1,1,11922,'2013-01-09 18:06:33','2020-05-19 21:51:18'),(35,29,NULL,'HE taught us Drawling, Stretching, and Fainting in Coils.\' \'What was that?\' inquired Alice. \'Reeling and Writhing, of course, Alice could hardly hear the very middle of the Gryphon, \'that they WOULD.','Delectus quo ea dolor labore id reiciendis. Aliquam nisi totam dolorem error at nemo. Nam ipsam neque quaerat facilis. Architecto iusto corporis non omnis officia quia animi.',NULL,1,1,62324,'2013-08-20 03:28:17','2020-05-19 19:56:37'),(36,52,8,'Will you, won\'t you, will you, won\'t you, will you, old fellow?\' The Mock Turtle to sing you a song?\' \'Oh, a song, please, if the Queen left off, quite out of THIS!\' (Sounds of more broken glass.).','Amet aut velit et error quia voluptas quos. Consequatur vero neque sequi provident optio saepe. Nisi autem voluptatibus perferendis nam.',50,1,1,84823,'2020-04-19 05:37:13','2020-03-14 02:22:00'),(37,27,6,'I BEG your pardon!\' said the Hatter. This piece of rudeness was more and more sounds of broken glass. \'What a pity it wouldn\'t stay!\' sighed the Lory, with a bound into the jury-box, and saw that,.','Aliquam rerum ad nulla voluptas. Iste cupiditate rerum sed nihil corporis. Hic autem minus rerum dolorem non consectetur. Tempore ut assumenda maxime.',NULL,1,0,10027,'2014-11-15 15:59:41','2020-05-19 21:51:18'),(38,88,5,'The first witness was the first figure,\' said the Hatter. \'Stolen!\' the King said to Alice. \'Nothing,\' said Alice. \'Come, let\'s hear some of them hit her in such a dreadful time.\' So Alice began to.','Perspiciatis aliquid sint quidem magni. Fugit et eum rerum natus. Accusantium eveniet rerum soluta voluptas est.',50,0,1,64611,'2018-02-22 00:11:11','2020-05-19 21:51:18'),(39,26,8,'I\'ll set Dinah at you!\' There was a little quicker. \'What a curious croquet-ground in her head, she tried another question. \'What sort of idea that they had to kneel down on their slates, \'SHE.','Voluptatem molestias omnis repellat sit et. Et et quis maxime ut nobis sit tenetur. Tempore eveniet ut nesciunt voluptas iste excepturi. Saepe ut exercitationem qui qui nobis.',8,0,0,86295,'2015-12-03 13:15:28','2020-05-19 21:51:18'),(40,51,5,'Alice started to her chin in salt water. Her first idea was that you weren\'t to talk to.\' \'How are you getting on now, my dear?\' it continued, turning to Alice. \'Nothing,\' said Alice. \'Why?\' \'IT.','Minus assumenda et debitis est enim. Ut dolorem est laborum deserunt ea in. Et assumenda accusantium harum nostrum. Labore eius quam est fuga.',4,0,0,51998,'2018-12-26 21:52:21','2020-05-19 21:51:18'),(41,95,4,'If she should chance to be trampled under its feet, ran round the rosetree; for, you see, Miss, this here ought to tell him. \'A nice muddle their slates\'ll be in a moment that it was out of the.','Nihil animi eveniet eligendi quam repudiandae quibusdam non. Perspiciatis ratione ratione dolorem qui qui. Rerum est cumque voluptas incidunt qui officiis. Eos sit sit voluptas voluptatem non et quas. Ullam dignissimos qui deserunt voluptatem.',19,0,0,19931,'2016-01-07 05:40:37','2019-12-10 18:44:50'),(42,75,10,'Prizes!\' Alice had no idea how to spell \'stupid,\' and that in the middle of her childhood: and how she would have done that, you know,\' the Mock Turtle in a furious passion, and went down to look.','Veniam velit dicta placeat odit. Quo illo unde et. Iusto rem facilis officiis ad aspernatur vitae est ratione. Dolorem cum nostrum magnam accusamus illum aperiam.',62,0,1,28652,'2010-12-12 20:34:56','2020-05-19 21:51:18'),(43,94,4,'You grant that?\' \'I suppose so,\' said Alice. \'You are,\' said the Queen, \'and take this young lady to see some meaning in it,\' but none of YOUR business, Two!\' said Seven. \'Yes, it IS his business!\'.','Omnis natus omnis dolorem. Consectetur vitae eius corrupti tempora alias. Molestiae fugit libero vitae ut in officiis aperiam ipsum. Perferendis facere velit distinctio voluptatibus.',18,0,1,59213,'2016-02-28 11:42:22','2020-05-19 21:51:18'),(44,83,9,'King, and he called the Queen, \'Really, my dear, I think?\' he said in a low voice, to the table for it, she found herself lying on the other bit. Her chin was pressed hard against it, that attempt.','Optio id recusandae at iure. Corporis corporis aspernatur adipisci dolor ipsum ratione nobis quis. Ipsa in voluptas aliquam aspernatur magni. Nostrum hic unde et dolor est quasi.',70,0,1,74165,'2019-03-19 22:32:39','2020-05-19 21:51:18'),(45,80,1,'THINK; or is it I can\'t put it right; \'not that it would be as well look and see what was the same tone, exactly as if nothing had happened. \'How am I to do it.\' (And, as you are; secondly, because.','Libero esse sunt dolor sit repellendus fuga. Vitae voluptas eum enim vitae. Error modi error inventore sequi id.',41,1,1,8540,'2011-01-29 13:58:55','2020-05-19 21:51:18'),(46,23,9,'New Zealand or Australia?\' (and she tried the roots of trees, and I\'ve tried to curtsey as she left her, leaning her head to hide a smile: some of the soldiers had to be found: all she could not.','Ea praesentium maxime dolores iure. Sequi voluptas consequatur in facilis ut. Eos rem cupiditate accusantium distinctio.',85,1,0,55977,'2011-01-07 02:38:42','2020-05-19 21:51:18'),(47,53,1,'I should be free of them didn\'t know that cats COULD grin.\' \'They all can,\' said the Dodo said, \'EVERYBODY has won, and all must have a prize herself, you know,\' the Mock Turtle; \'but it doesn\'t.','Autem impedit doloribus consequatur sit hic eius et. Dolor nihil quibusdam in ut est modi rerum. Molestias facere odit ut qui dolor aut ut expedita. Nemo sed facilis aut cupiditate fugiat. Reprehenderit amet velit tenetur sed et.',67,1,1,82549,'2017-11-22 09:44:26','2020-05-19 21:51:18'),(48,59,8,'Alice\'s elbow was pressed hard against it, that attempt proved a failure. Alice heard the King eagerly, and he poured a little nervous about this; \'for it might injure the brain; But, now that I\'m.','Magnam omnis nemo laboriosam et. Eligendi voluptates consequuntur velit officiis consequuntur esse dolorum. Repudiandae qui qui aut dolorem fugit atque nam. Itaque corrupti omnis ut sed distinctio a. At eligendi ut aut eos.',69,1,0,78352,'2013-09-03 21:31:40','2020-05-19 21:51:18'),(49,53,8,'English coast you find a number of bathing machines in the pool was getting so thin--and the twinkling of the leaves: \'I should like to drop the jar for fear of their hearing her; and the other bit..','Et sequi necessitatibus odit quas ut molestiae cupiditate. Dolorem et et nisi omnis aliquam et. Sint ullam voluptas sit et odio omnis incidunt. Molestias occaecati possimus nihil dolor vel minus sed aut.',NULL,0,1,552,'2010-06-05 20:48:27','2020-05-19 21:51:18'),(50,90,3,'I to do?\' said Alice. \'Well, I hardly know--No more, thank ye; I\'m better now--but I\'m a hatter.\' Here the Dormouse again, so she bore it as well as if she were saying lessons, and began to tremble..','Ut qui non qui et veritatis quo dolor. Cupiditate sunt nihil ipsa aspernatur id. Et non et qui at nisi dolorum iste.',88,0,1,64081,'2018-09-14 15:26:21','2020-05-19 21:51:18'),(51,18,4,'Alice would not stoop? Soup of the month, and doesn\'t tell what o\'clock it is!\' \'Why should it?\' muttered the Hatter. \'He won\'t stand beating. Now, if you like!\' the Duchess was VERY ugly; and.','Ipsum non occaecati rerum incidunt explicabo ipsam perferendis. Quod ipsa saepe facilis libero assumenda. Eaque sapiente et et hic atque quos. Quam laborum labore in magnam provident inventore quaerat.',77,0,1,4440,'2017-12-29 09:30:31','2020-05-19 21:51:18'),(52,72,7,'Majesty,\' said the Footman. \'That\'s the reason so many tea-things are put out here?\' she asked. \'Yes, that\'s it,\' said the Hatter, \'I cut some more bread-and-butter--\' \'But what am I to do it?\' \'In.','Perspiciatis aut in qui dicta autem repellendus eaque. Doloribus nihil pariatur distinctio aut magni.',100,0,0,55815,'2010-08-23 02:08:58','2020-05-19 21:51:18'),(53,29,3,'I shan\'t! YOU do it!--That I won\'t, then!--Bill\'s to go down the hall. After a time she went back to the door, she ran out of the well, and noticed that one of the wood to listen. \'Mary Ann! Mary.','Asperiores tenetur ea sint incidunt ut quod. Commodi blanditiis corrupti voluptatem dolorum sed. Fugiat architecto similique necessitatibus non minus amet eius.',NULL,0,1,16383,'2015-06-16 14:01:05','2020-05-19 21:51:18'),(54,53,NULL,'Alice kept her eyes anxiously fixed on it, (\'which certainly was not even room for her. \'I can see you\'re trying to explain the mistake it had grown in the wood, \'is to grow here,\' said the Cat, \'or.','Iste ut earum voluptas in quibusdam. Voluptas veritatis consequatur nihil qui nemo minima est qui. Mollitia inventore ad quia aut.',NULL,1,0,54727,'2019-10-08 20:02:15','2020-05-19 19:56:37'),(55,81,4,'Duchess, who seemed to Alice with one finger; and the King said gravely, \'and go on for some time without interrupting it. \'They must go by the hedge!\' then silence, and then they both cried. \'Wake.','Architecto hic esse quos quam. Magnam sed sint temporibus quibusdam explicabo minima. Quo nam quis tempora nihil quia possimus voluptatem labore. Maxime inventore veniam voluptas rem non. Rerum saepe occaecati nihil consequatur.',NULL,1,0,91243,'2015-11-17 23:40:01','2020-05-19 21:51:18'),(56,67,1,'ME,\' but nevertheless she uncorked it and put it to make out what it was sneezing and howling alternately without a great many more than three.\' \'Your hair wants cutting,\' said the Cat, and vanished.','Iusto ab ut expedita laboriosam. Unde ipsa et animi qui accusantium quod. Exercitationem voluptate et voluptas quo ipsa. Quasi saepe accusamus velit beatae ut enim.',34,0,1,99627,'2018-05-25 15:25:41','2020-05-19 21:51:18'),(57,63,3,'Duchess, the Duchess! Oh! won\'t she be savage if I\'ve kept her eyes anxiously fixed on it, for she was now about a whiting before.\' \'I can see you\'re trying to box her own mind (as well as she was.','Repudiandae quia cum officia. Repellat et consequatur et quisquam sint pariatur. Sint corporis ab minus. Cumque nisi vel et cum. Atque sapiente corporis eum alias vero molestiae.',18,1,1,41448,'2013-01-19 17:27:58','2020-05-19 21:51:18'),(58,23,NULL,'Because he knows it teases.\' CHORUS. (In which the words \'EAT ME\' were beautifully marked in currants. \'Well, I\'ll eat it,\' said Alice indignantly, and she thought it would,\' said the King, looking.','Omnis id inventore distinctio quos ut. Tempore accusamus tempora fugiat earum tenetur. Nemo ea tempora consequatur cupiditate et praesentium. Itaque sit eaque omnis molestiae.',NULL,0,1,54262,'2010-09-17 20:46:18','2020-05-19 19:56:37'),(59,51,6,'It was high time to be executed for having cheated herself in a low, weak voice. \'Now, I give you fair warning,\' shouted the Gryphon, \'you first form into a small passage, not much like keeping so.','Illo eaque mollitia reprehenderit fugiat ad sunt explicabo. Sint illo suscipit ad ut tenetur quod. Quis vel reiciendis repellat rem quod eaque dicta. Culpa et sint cupiditate laborum.',NULL,1,0,32415,'2015-10-14 18:54:08','2020-05-19 19:56:37'),(60,44,2,'So she began shrinking directly. As soon as the March Hare. \'Yes, please do!\' but the Hatter went on \'And how did you do lessons?\' said Alice, who was peeping anxiously into its eyes were nearly out.','Et architecto repellendus perspiciatis aut quibusdam. Qui officia est voluptate a nisi. Qui ratione et inventore non. Repudiandae consequuntur architecto voluptate harum.',NULL,0,0,22399,'2018-02-22 12:38:46','2020-05-19 19:56:37'),(61,84,3,'YOU must cross-examine the next witness would be four thousand miles down, I think--\' (she was rather doubtful whether she ought to eat the comfits: this caused some noise and confusion, as the jury.','Voluptas ut sunt ea commodi. Voluptas aut magni cumque molestias quibusdam omnis. Illo assumenda dolorem dolores maiores ea impedit possimus.',80,0,0,94814,'2011-02-03 07:46:35','2020-05-19 21:51:18'),(62,1,2,'I am to see if he would deny it too: but the three gardeners instantly threw themselves flat upon their faces. There was a large piece out of a dance is it?\' he said. \'Fifteenth,\' said the Cat. \'I.','Aperiam et iusto rerum consequatur. Non non voluptate quia libero sit unde sunt. Sed itaque sit eveniet consectetur. Velit nam magni consequatur sed.',NULL,1,0,96304,'2012-11-06 15:28:32','2020-05-19 21:51:18'),(63,74,6,'King said, with a cart-horse, and expecting every moment to be patted on the second thing is to do it.\' (And, as you say \"What a pity!\"?\' the Rabbit coming to look through into the court, \'Bring me.','Magni quia quia sit recusandae molestiae. Ad rerum eligendi est quaerat omnis. Molestiae quasi molestiae sed in. Quos qui maxime qui aut sed ab eveniet.',NULL,0,0,14619,'2011-01-16 00:05:26','2020-05-19 19:56:37'),(64,47,3,'Lizard in head downwards, and the small ones choked and had just upset the week before. \'Oh, I know!\' exclaimed Alice, who had meanwhile been examining the roses. \'Off with her head struck against.','Quasi qui dolore neque ullam. Molestiae est reiciendis hic qui similique repellendus. Aut occaecati architecto ullam.',47,0,0,70145,'2012-04-14 00:44:27','2020-05-19 21:51:18'),(65,22,NULL,'Lizard\'s slate-pencil, and the little glass table. \'Now, I\'ll manage better this time,\' she said to herself, rather sharply; \'I advise you to sit down without being seen, when she had brought.','Quibusdam mollitia sunt a sit quia id. Quae qui incidunt magnam fuga quam. Qui neque unde aperiam placeat aspernatur similique. Reprehenderit non officia sint dolores repudiandae magni.',34,0,0,74186,'2020-05-10 08:04:42','2020-05-19 19:55:33'),(66,35,10,'Alice, who always took a great many teeth, so she turned away. \'Come back!\' the Caterpillar sternly. \'Explain yourself!\' \'I can\'t explain MYSELF, I\'m afraid, sir\' said Alice, a good deal frightened.','Sunt nihil quis quidem. Accusantium error libero nulla commodi deserunt animi. Vel hic dolores delectus nam voluptas. Dolorem dolor tempora voluptatum officia quia labore.',61,0,1,21555,'2015-06-09 21:07:38','2020-05-19 21:51:18'),(67,19,9,'Alice for some time after the others. \'We must burn the house of the singers in the after-time, be herself a grown woman; and how she was now, and she went on growing, and, as they used to come upon.','Qui autem ut voluptatum recusandae. Repellendus dolore velit et quo aspernatur eum quia in. Deleniti amet voluptas sit praesentium dolorem non debitis ut.',NULL,0,1,90750,'2014-05-01 20:24:15','2020-05-19 19:56:37'),(68,70,7,'Queen, in a coaxing tone, and she did so, very carefully, with one eye; \'I seem to dry me at all.\' \'In that case,\' said the King. \'Nothing whatever,\' said Alice. \'Well, I never understood what it.','Eum rerum praesentium quo occaecati perferendis ut. Et sit nesciunt in et. Deserunt sint fuga aliquid.',42,0,0,19805,'2014-06-29 04:10:53','2020-05-19 21:51:18'),(69,81,6,'Which shall sing?\' \'Oh, YOU sing,\' said the King. Here one of the accident, all except the Lizard, who seemed ready to agree to everything that was sitting on the table. \'Nothing can be clearer than.','Sequi vel exercitationem quod. Debitis voluptatem maiores possimus velit voluptatem. Non rerum id aut voluptas.',78,1,1,77985,'2012-02-08 15:36:33','2020-05-19 21:51:18'),(70,36,9,'Some of the what?\' said the Mock Turtle. \'Very much indeed,\' said Alice. \'Why, there they lay sprawling about, reminding her very much at this, that she tipped over the fire, licking her paws and.','Vero et dolorem itaque sequi itaque unde vel. Nihil officiis quam nobis animi deleniti eum ducimus. Iste eligendi earum velit error. Sunt totam minima incidunt sint.',NULL,1,1,98020,'2015-03-26 23:28:19','2020-05-19 21:51:18'),(71,6,5,'I know I do!\' said Alice timidly. \'Would you tell me, Pat, what\'s that in the air: it puzzled her a good opportunity for showing off her unfortunate guests to execution--once more the pig-baby was.','Perferendis non dolore sit earum. Est quod et voluptas aut impedit non. Sed libero voluptatibus repudiandae. Molestiae cum soluta at enim pariatur nihil autem.',32,1,1,9393,'2011-02-03 18:56:02','2020-05-19 21:51:18'),(72,43,NULL,'The long grass rustled at her for a minute or two, looking for them, but they were all ornamented with hearts. Next came the royal children; there were a Duck and a large pigeon had flown into her.','Ut repellat id et ut. Minus aut nihil sint quibusdam assumenda sed doloribus ut. Nobis distinctio quis ut ut veritatis facere itaque. Et laudantium voluptatem magni. Corporis et accusamus dolor necessitatibus.',49,1,0,18241,'2011-06-07 13:11:49','2020-05-19 19:55:33'),(73,64,8,'EVER happen in a whisper.) \'That would be the best way to fly up into the air, I\'m afraid, but you might like to drop the jar for fear of killing somebody, so managed to put it to be a queer thing,.','Sed alias animi voluptatem minima ipsam id omnis dolorum. Beatae ullam non libero maxime dolore quis magnam. Qui fugit aut voluptas autem magni qui debitis.',94,0,0,52033,'2012-12-25 01:35:49','2020-05-19 21:51:18'),(74,77,5,'Alice began in a piteous tone. And the moral of that is--\"Oh, \'tis love, \'tis love, \'tis love, that makes people hot-tempered,\' she went in search of her little sister\'s dream. The long grass.','Voluptatem error quod sit voluptatibus dolorem quo velit. Alias natus eum saepe deserunt ut quibusdam. Expedita rerum mollitia et quia et. Occaecati est maxime quod aut aut recusandae expedita.',NULL,1,1,45986,'2016-11-11 05:13:54','2020-05-19 21:51:18'),(75,76,9,'Dormouse shall!\' they both sat silent for a minute or two she stood watching them, and considered a little bottle that stood near. The three soldiers wandered about for some while in silence. At.','Totam quia nihil soluta sunt perferendis. Omnis repudiandae maiores placeat quidem. Velit dolore et inventore ipsam. Voluptatem eum corrupti ut sint ratione est.',15,0,0,65219,'2018-06-11 01:37:54','2020-05-19 21:51:18'),(76,10,10,'Dormouse say?\' one of the shepherd boy--and the sneeze of the ground, Alice soon began talking to herself, in a confused way, \'Prizes! Prizes!\' Alice had never been in a fight with another dig of.','Incidunt facilis recusandae sunt necessitatibus voluptatibus. Reiciendis dolorum ad repellendus beatae.',NULL,1,1,24193,'2015-01-16 12:45:17','2020-05-19 21:51:18'),(77,29,1,'Alice. \'Come on, then!\' roared the Queen, pointing to the seaside once in a deep voice, \'What are you getting on now, my dear?\' it continued, turning to the beginning again?\' Alice ventured to say..','Quisquam ullam et dolores recusandae non. Voluptatem dolor non exercitationem dolorum et expedita dolor.',69,1,0,9019,'2015-10-17 03:47:32','2020-05-19 21:51:18'),(78,96,8,'Alice caught the flamingo and brought it back, the fight was over, and she had asked it aloud; and in a hot tureen! Who for such a simple question,\' added the Gryphon, \'that they WOULD put their.','Non eveniet nostrum voluptatem quo officiis. Placeat eius laborum temporibus in et voluptas nostrum. Totam repellendus dolorem similique molestiae dolorem est distinctio fugit. Enim reiciendis omnis ipsam beatae distinctio accusamus molestiae. Non natus vel numquam corrupti.',66,0,0,80684,'2016-10-15 01:33:03','2020-05-19 21:51:18'),(79,90,4,'It\'ll be no sort of meaning in it,\' but none of YOUR adventures.\' \'I could tell you more than three.\' \'Your hair wants cutting,\' said the Cat, \'a dog\'s not mad. You grant that?\' \'I suppose they are.','Saepe dignissimos qui et aut quo voluptatibus voluptatibus. Esse ipsum est temporibus vel quae. Ex deleniti id et sit amet qui. Recusandae aut facere in aut earum amet.',92,0,0,23849,'2013-09-08 08:26:35','2020-05-19 21:51:18'),(80,20,7,'First, because I\'m on the top of her or of anything else. CHAPTER V. Advice from a bottle marked \'poison,\' it is you hate--C and D,\' she added in a low, hurried tone. He looked at poor Alice, \'to.','Adipisci laudantium suscipit distinctio voluptates ratione. Et est repellendus ut fuga. Quaerat error sit omnis et dignissimos. Alias error facilis aut nobis saepe inventore similique asperiores.',51,0,0,26016,'2010-08-02 19:17:22','2020-05-19 21:51:18'),(81,23,2,'William the Conqueror.\' (For, with all speed back to the Cheshire Cat sitting on a little bit of mushroom, and her eyes to see if she could not answer without a grin,\' thought Alice; \'I might as.','Explicabo ad incidunt accusantium dolorem placeat. Nobis non enim eius amet rerum. Omnis natus aperiam omnis reiciendis et quia.',10,0,1,65878,'2019-09-01 20:22:37','2020-05-19 21:51:18'),(82,44,NULL,'Dodo, \'the best way you go,\' said the Mouse. \'--I proceed. \"Edwin and Morcar, the earls of Mercia and Northumbria, declared for him: and even Stigand, the patriotic archbishop of Canterbury, found.','Maxime non officia quia distinctio labore. Est repudiandae qui beatae vel. Quas et ea dolore ex et. Unde adipisci fugit est id et ad dolorum.',NULL,0,1,30191,'2013-09-25 12:48:08','2020-05-19 19:56:37'),(83,73,NULL,'I beat him when he sneezes: He only does it to half-past one as long as it left no mark on the ground near the King said to herself, being rather proud of it: \'No room! No room!\' they cried out when.','Sed ex quo dolor reiciendis amet voluptatum eum qui. Explicabo cum pariatur sed molestiae similique et. Omnis voluptas esse voluptatum asperiores. Numquam quidem magni ea consectetur laudantium ipsam.',NULL,1,1,18754,'2020-01-19 22:26:49','2020-05-19 19:56:37'),(84,32,9,'Dormouse again, so violently, that she began shrinking directly. As soon as she went on. \'Or would you tell me,\' said Alice, (she had grown up,\' she said to herself, \'I wonder what you\'re talking.','Ut cum iusto sunt placeat dolore dignissimos dolor qui. Ipsa voluptate necessitatibus nihil tempore alias. Perspiciatis veniam et ea voluptatem.',NULL,1,1,82059,'2017-08-24 21:00:57','2020-05-19 21:51:18'),(85,93,10,'So Alice began in a great hurry; \'this paper has just been reading about; and when she had never been so much already, that it signifies much,\' she said to live. \'I\'ve seen hatters before,\' she said.','Qui deserunt ut esse non dolorum. Et nihil ab ut et voluptate saepe.',NULL,0,0,74238,'2017-06-09 21:29:11','2020-05-19 21:51:18'),(86,9,2,'YOU must cross-examine THIS witness.\' \'Well, if I must, I must,\' the King said, for about the crumbs,\' said the Caterpillar. \'Well, perhaps your feelings may be different,\' said Alice; \'you needn\'t.','Eos aperiam eum sed ducimus unde sapiente. Optio mollitia explicabo voluptatem et nihil cumque. Molestiae vel in voluptas veritatis cum enim sit veniam. Sit suscipit sed quibusdam non dolore facilis. Optio saepe totam atque dignissimos.',80,1,0,41412,'2019-10-01 12:51:00','2020-05-19 21:51:18'),(87,10,9,'I suppose.\' So she began again. \'I wonder how many miles I\'ve fallen by this time, as it happens; and if the Mock Turtle yet?\' \'No,\' said the King. \'Nothing whatever,\' said Alice. \'What sort of.','Quia fugit illum odit ducimus id. Ea ut laboriosam dolores cupiditate est et. Est molestias esse et et ea sit sint at. Nam quibusdam dolorem eos architecto placeat laudantium et.',NULL,0,1,95854,'2018-02-06 12:28:34','2020-05-19 21:51:18'),(88,98,10,'Alice was not even get her head down to nine inches high. CHAPTER VI. Pig and Pepper For a minute or two, they began moving about again, and put it into one of the room. The cook threw a frying-pan.','Dolor ut hic ducimus adipisci. Facere qui voluptatem quibusdam ullam distinctio numquam. Velit veniam enim at commodi. Enim aperiam esse provident sed dolore.',NULL,0,0,18372,'2011-03-22 19:55:59','2020-05-19 19:56:37'),(89,33,9,'Alice. \'Exactly so,\' said the Duchess; \'and that\'s why. Pig!\' She said it to annoy, Because he knows it teases.\' CHORUS. (In which the wretched Hatter trembled so, that Alice had been for some time.','Assumenda quis accusamus quae qui sint sequi qui quae. Voluptas ipsam et possimus sapiente officia exercitationem. Omnis sint aut velit incidunt maxime velit eaque animi.',100,1,1,41324,'2013-10-13 23:40:04','2020-05-19 21:51:18'),(90,26,8,'I look like it?\' he said. \'Fifteenth,\' said the Gryphon. \'It all came different!\' the Mock Turtle, suddenly dropping his voice; and the Panther received knife and fork with a trumpet in one hand and.','Quos expedita odit dolor cum suscipit repellendus quasi voluptatem. Debitis voluptatem consequatur sit nostrum expedita et in.',9,1,1,91445,'2018-08-03 22:39:15','2020-05-19 21:51:18'),(91,93,2,'France-- Then turn not pale, beloved snail, but come and join the dance? Will you, won\'t you, will you join the dance? Will you, won\'t you, will you, won\'t you, will you, old fellow?\' The Mock.','Est qui non doloremque quam numquam. Quasi beatae ut deserunt laudantium vel. Suscipit doloribus saepe ea a voluptatum molestiae in. Id eos qui a rerum ut dolorem.',NULL,0,1,28272,'2011-08-01 07:28:25','2020-05-19 21:51:18'),(92,16,7,'Knave \'Turn them over!\' The Knave of Hearts, who only bowed and smiled in reply. \'Idiot!\' said the Cat: \'we\'re all mad here. I\'m mad. You\'re mad.\' \'How do you know why it\'s called a whiting?\' \'I.','Cum ut velit distinctio qui sequi. Modi itaque est esse quo totam qui totam adipisci. Et magni est dolore ut aliquid id voluptatum. Architecto quae tempora magnam qui vero laborum.',80,0,0,12178,'2017-07-11 23:36:25','2020-05-19 21:51:18'),(93,10,9,'Alice. \'And ever since that,\' the Hatter said, tossing his head contemptuously. \'I dare say there may be different,\' said Alice; \'all I know I have ordered\'; and she tried her best to climb up one.','Excepturi eum est itaque nobis id sint atque rerum. Quia ipsa veniam ipsa sunt aut deserunt porro. Ut porro blanditiis nisi repudiandae. Voluptatem voluptatem consequuntur magnam.',96,0,0,51996,'2016-07-16 10:32:59','2020-05-19 21:51:18'),(94,63,2,'I ever heard!\' \'Yes, I think I may as well go back, and barking hoarsely all the unjust things--\' when his eye chanced to fall upon Alice, as she spoke. Alice did not notice this question, but.','Odit omnis cum quis ad rerum ex velit. Ut corrupti vero aut aliquid modi sint molestias ex. Ad exercitationem magnam consequatur et. Et quia aut fugit assumenda reprehenderit.',NULL,0,0,65321,'2016-12-24 13:37:08','2020-05-19 21:51:18'),(95,83,3,'Duchess: \'what a clear way you have of putting things!\' \'It\'s a mineral, I THINK,\' said Alice. \'Exactly so,\' said the King. \'Nearly two miles high,\' added the Dormouse, after thinking a minute or.','Eaque pariatur non laudantium. Et molestiae blanditiis quaerat veritatis quis doloremque exercitationem. Ducimus ipsum odio reiciendis. Assumenda aut molestias explicabo veritatis unde.',99,0,0,81870,'2018-02-27 17:08:01','2020-05-19 21:51:18'),(96,42,10,'Alice with one finger for the fan and gloves, and, as they used to read fairy-tales, I fancied that kind of authority among them, called out, \'Sit down, all of them say, \'Look out now, Five! Don\'t.','Quod commodi culpa sequi at. Est aperiam ut aut reiciendis similique adipisci. Perspiciatis sed ut numquam quod earum.',90,0,1,10288,'2011-07-06 17:06:11','2020-05-19 21:51:18'),(97,12,10,'Queen, and in another moment, splash! she was trying to find that her flamingo was gone in a moment. \'Let\'s go on in these words: \'Yes, we went to school every day--\' \'I\'VE been to the part about.','Tempora reiciendis doloremque labore doloremque. Aperiam eos debitis accusamus nam et eum. Aut et temporibus reprehenderit dolorem. Quibusdam maxime et similique voluptates provident et et distinctio.',70,0,1,73222,'2012-07-31 06:34:45','2020-05-19 21:51:18'),(98,4,NULL,'They all sat down at once, with a lobster as a boon, Was kindly permitted to pocket the spoon: While the Panther were sharing a pie--\' [later editions continued as follows The Panther took.','Et iure numquam quis dolorem recusandae expedita. Repellat dicta explicabo non et voluptatum id. Sunt provident facilis hic molestias aut. Pariatur corporis sed sunt quae in quo.',68,1,1,98372,'2011-02-10 07:19:57','2020-05-19 19:55:33'),(99,82,10,'I have to beat them off, and had just succeeded in curving it down \'important,\' and some of them bowed low. \'Would you tell me,\' said Alice, \'but I know I do!\' said Alice in a sulky tone, as it left.','Enim rerum eveniet error quam praesentium perspiciatis. Illo modi et sit quia quod sit et. Eum explicabo accusamus ipsa et et sapiente nemo deleniti.',NULL,0,1,9864,'2012-04-06 00:34:40','2020-05-19 21:51:18'),(100,40,8,'Alice; \'you needn\'t be afraid of interrupting him,) \'I\'ll give him sixpence. _I_ don\'t believe you do either!\' And the executioner myself,\' said the Hatter, who turned pale and fidgeted. \'Give your.','Eius ipsa a sunt harum consectetur. Fuga aperiam vel dolores placeat qui. Repellendus molestias deleniti id et doloribus blanditiis explicabo libero. Ab magni ipsam similique tempore numquam optio.',NULL,0,1,27496,'2015-12-15 19:49:51','2020-05-19 21:51:18');
/*!40000 ALTER TABLE `posts` ENABLE KEYS */;
UNLOCK TABLES;

--
-- Table structure for table `profiles`
--

DROP TABLE IF EXISTS `profiles`;
/*!40101 SET @saved_cs_client     = @@character_set_client */;
/*!50503 SET character_set_client = utf8mb4 */;
CREATE TABLE `profiles` (
  `user_id` int unsigned NOT NULL,
  `photo_id` int unsigned DEFAULT NULL,
  `gender` char(1) NOT NULL,
  `birthday` date DEFAULT NULL,
  `city` varchar(130) DEFAULT NULL,
  `country` varchar(130) DEFAULT NULL,
  `is_private` tinyint(1) DEFAULT '0',
  `updated_at` datetime DEFAULT CURRENT_TIMESTAMP ON UPDATE CURRENT_TIMESTAMP,
  PRIMARY KEY (`user_id`),
  KEY `profiles_photo_id_fk` (`photo_id`),
  CONSTRAINT `profiles_photo_id_fk` FOREIGN KEY (`photo_id`) REFERENCES `media` (`id`) ON DELETE SET NULL,
  CONSTRAINT `profiles_user_id_fk` FOREIGN KEY (`user_id`) REFERENCES `users` (`id`) ON DELETE CASCADE
) ENGINE=InnoDB DEFAULT CHARSET=utf8mb4 COLLATE=utf8mb4_0900_ai_ci;
/*!40101 SET character_set_client = @saved_cs_client */;

--
-- Dumping data for table `profiles`
--

LOCK TABLES `profiles` WRITE;
/*!40000 ALTER TABLE `profiles` DISABLE KEYS */;
INSERT INTO `profiles` VALUES (1,22,'w','2009-01-29','Celestineport','Belarus',0,'2020-05-13 10:45:36'),(2,99,'m','2001-10-15','Lake Rhettborough','Palau',0,'2020-05-13 10:45:36'),(3,29,'w','2012-10-31','Port Sadieberg','Panama',0,'2020-05-13 10:45:36'),(4,48,'m','1984-06-02','New General','Ecuador',0,'2020-05-13 10:45:36'),(5,51,'m','1983-01-10','North Marlene','Nicaragua',0,'2020-05-13 10:45:36'),(6,12,'w','2012-08-26','Lake Tabithaton','Ukraine',0,'2020-05-13 10:45:36'),(7,4,'w','1996-09-25','Paulside','Cyprus',0,'2020-05-13 10:45:36'),(8,87,'m','2003-03-20','Theresiaborough','Macao',0,'2020-05-13 10:45:36'),(9,20,'m','2013-09-15','Hillsfort','Cote d\'Ivoire',0,'2020-05-13 10:45:36'),(10,38,'w','1999-02-02','Annabelleview','Madagascar',0,'2020-05-13 10:45:36'),(11,29,'m','1989-12-05','South Carrollfurt','Lebanon',0,'2020-05-13 10:45:36'),(12,31,'w','2004-04-10','Howellchester','American Samoa',1,'2020-05-13 10:46:07'),(13,68,'m','2019-06-05','West Antonetteborough','Saint Pierre and Miquelon',0,'2020-05-13 10:45:36'),(14,47,'w','1973-10-13','Briaborough','Papua New Guinea',0,'2020-05-13 10:45:36'),(15,30,'m','1975-08-16','Cormierfurt','Somalia',0,'2020-05-13 10:45:36'),(16,8,'m','2013-09-17','Griffinland','Venezuela',0,'2020-05-13 10:45:36'),(17,50,'w','2020-02-14','Jevonland','Hungary',0,'2020-05-13 10:45:36'),(18,25,'m','2018-02-19','Emardberg','Syrian Arab Republic',1,'2020-05-13 10:46:07'),(19,75,'w','1972-07-26','South Louisafort','Switzerland',0,'2020-05-13 10:45:36'),(20,1,'w','1999-04-12','Naderborough','Tanzania',1,'2020-05-13 10:46:07'),(21,79,'w','2010-09-25','East Annetta','Austria',0,'2020-05-13 10:45:36'),(22,92,'m','1990-10-09','Flatleyshire','Canada',0,'2020-05-13 10:45:36'),(23,20,'m','2001-02-25','West Arlenebury','Congo',0,'2020-05-13 10:45:36'),(24,26,'w','1971-06-18','West Jameson','Malaysia',0,'2020-05-13 10:45:36'),(25,70,'w','2000-02-09','Port Janaton','British Indian Ocean Territory (Chagos Archipelago)',0,'2020-05-13 10:45:36'),(26,69,'m','1995-12-02','East Shanyville','Norfolk Island',1,'2020-05-13 10:46:07'),(27,38,'m','1998-07-29','Bergnaumshire','Hong Kong',1,'2020-05-13 10:46:07'),(28,80,'m','1977-10-28','Hintzstad','Niue',0,'2020-05-13 10:45:36'),(29,84,'m','1983-11-17','Toyland','Dominica',0,'2020-05-13 10:45:36'),(30,83,'w','1988-10-05','Emersonstad','Congo',0,'2020-05-13 10:45:36'),(31,61,'w','1981-11-04','Barneymouth','British Indian Ocean Territory (Chagos Archipelago)',0,'2020-05-13 10:45:36'),(32,57,'w','2012-06-20','Cartwrightville','Congo',0,'2020-05-13 10:45:36'),(33,100,'m','1996-12-24','Skyestad','Libyan Arab Jamahiriya',0,'2020-05-13 10:45:36'),(34,29,'m','2013-09-20','Rebekafort','Tunisia',0,'2020-05-13 10:45:36'),(35,46,'m','2013-12-10','Lorenside','Kazakhstan',0,'2020-05-13 10:45:36'),(36,40,'w','1996-03-20','Cathyview','Palau',0,'2020-05-13 10:45:36'),(37,62,'w','2010-07-28','Aufderharview','Macao',0,'2020-05-13 10:45:36'),(38,89,'w','2012-12-27','Dashawnview','Sao Tome and Principe',0,'2020-05-13 10:45:36'),(39,58,'m','2010-08-31','Opalmouth','Grenada',1,'2020-05-13 10:46:07'),(40,23,'m','1995-01-26','Elvisside','Samoa',0,'2020-05-13 10:45:36'),(41,42,'m','1992-09-09','West Nikolasbury','Zambia',0,'2020-05-13 10:45:36'),(42,41,'w','1970-04-09','Gutkowskimouth','Marshall Islands',0,'2020-05-13 10:45:36'),(43,79,'m','1980-03-27','Port Mattie','Myanmar',1,'2020-05-13 10:46:07'),(44,70,'w','1972-04-06','Kylieport','Martinique',1,'2020-05-13 10:46:07'),(45,11,'w','1971-02-03','Weberchester','Cape Verde',0,'2020-05-13 10:45:36'),(46,47,'w','2017-02-06','Londonbury','Armenia',1,'2020-05-13 10:46:07'),(47,2,'m','1971-06-12','South Aimee','Mozambique',1,'2020-05-13 10:46:07'),(48,66,'m','2014-02-02','Nicolasmouth','Japan',1,'2020-05-13 10:46:07'),(49,26,'m','1989-10-29','Lake David','Belize',1,'2020-05-13 10:46:07'),(50,33,'w','1972-08-29','East Noemy','Albania',0,'2020-05-13 10:45:36'),(51,83,'w','2003-03-28','Lake Jackyville','Saint Helena',1,'2020-05-13 10:46:07'),(52,18,'m','1978-10-18','East Chasityfort','Pakistan',1,'2020-05-13 10:46:07'),(53,38,'w','1975-12-09','Lonnieton','Taiwan',1,'2020-05-13 10:46:07'),(54,37,'w','2013-01-04','Antwonville','Guam',1,'2020-05-13 10:46:07'),(55,71,'m','2007-08-21','Alenaberg','Micronesia',0,'2020-05-13 10:45:36'),(56,42,'m','2015-01-23','Lake Evanburgh','Bosnia and Herzegovina',1,'2020-05-13 10:46:07'),(57,97,'w','1994-10-17','Bradtkefort','Costa Rica',0,'2020-05-13 10:45:36'),(58,57,'w','1997-04-09','Dejahaven','Aruba',1,'2020-05-13 10:46:07'),(59,97,'w','1974-03-28','East Addison','New Zealand',0,'2020-05-13 10:45:36'),(60,10,'m','1975-06-13','East Janettown','Mauritius',0,'2020-05-13 10:45:36'),(61,61,'m','2018-12-15','North Darrion','Guernsey',1,'2020-05-13 10:46:07'),(62,73,'m','1979-02-17','East Wade','Guatemala',1,'2020-05-13 10:46:07'),(63,84,'w','2012-06-21','North Zoe','Turkey',0,'2020-05-13 10:45:36'),(64,97,'w','2006-04-14','East Augustaborough','Gibraltar',1,'2020-05-13 10:46:07'),(65,36,'w','1972-01-23','Annamaeland','Nauru',1,'2020-05-13 10:46:07'),(66,86,'m','2002-10-26','East Demario','Nauru',1,'2020-05-13 10:46:07'),(67,24,'w','1995-12-06','Hammesburgh','Gibraltar',1,'2020-05-13 10:46:07'),(68,60,'w','1995-11-28','Jakubowskiport','United Kingdom',1,'2020-05-13 10:46:07'),(69,27,'w','2013-05-13','Boyerborough','Argentina',1,'2020-05-13 10:46:07'),(70,55,'w','1976-05-22','Sanfordville','Jersey',1,'2020-05-13 10:46:07'),(71,93,'m','2003-06-25','Farrellborough','Chile',1,'2020-05-13 10:46:07'),(72,1,'m','1981-12-11','New Dereck','Jamaica',0,'2020-05-13 10:45:36'),(73,23,'w','1979-10-13','Harberberg','Korea',0,'2020-05-13 10:45:36'),(74,12,'m','1973-05-19','East Felipaborough','Lesotho',1,'2020-05-13 10:46:07'),(75,91,'w','2003-05-13','Omastad','Finland',0,'2020-05-13 10:45:36'),(76,17,'w','1975-08-25','West Aliyah','British Indian Ocean Territory (Chagos Archipelago)',1,'2020-05-13 10:46:07'),(77,12,'w','1992-05-09','Dorthyton','Oman',1,'2020-05-13 10:46:07'),(78,7,'w','2008-11-02','Antoinettestad','Jamaica',1,'2020-05-13 10:46:07'),(79,99,'m','1979-10-19','Lake Heber','Solomon Islands',1,'2020-05-13 10:46:07'),(80,73,'m','2010-06-01','Lake August','Germany',1,'2020-05-13 10:46:07'),(81,67,'w','2001-05-21','Kuvalisland','Eritrea',1,'2020-05-13 10:46:07'),(82,17,'m','1972-06-24','East Ron','Nepal',1,'2020-05-13 10:46:07'),(83,84,'w','2020-02-02','Cordeliaport','Guernsey',1,'2020-05-13 10:46:07'),(84,68,'m','2001-07-17','Port Santabury','Poland',1,'2020-05-13 10:46:07'),(85,86,'w','1983-11-25','DuBuquemouth','Panama',1,'2020-05-13 10:46:07'),(86,25,'m','1980-01-05','Weissnatmouth','Dominican Republic',1,'2020-05-13 10:46:07'),(87,65,'m','2016-01-06','Rogahnchester','Peru',1,'2020-05-13 10:46:07'),(88,53,'w','1986-09-15','Leonieview','French Guiana',1,'2020-05-13 10:46:07'),(89,70,'w','1999-05-12','Lake Elvaport','Saint Martin',1,'2020-05-13 10:46:07'),(90,89,'m','2012-12-22','Lake Leonoraburgh','United Kingdom',1,'2020-05-13 10:46:07'),(91,36,'m','1975-01-27','Labadieview','Guatemala',1,'2020-05-13 10:46:07'),(92,14,'m','2016-10-27','Wiegandton','Cyprus',1,'2020-05-13 10:46:07'),(93,58,'w','1982-10-31','Monaside','Falkland Islands (Malvinas)',1,'2020-05-13 10:46:07'),(94,49,'w','2018-12-08','Wolfffort','Greenland',1,'2020-05-13 10:46:07'),(95,69,'m','2016-03-10','Bradfordland','Tuvalu',1,'2020-05-13 10:46:07'),(96,98,'m','2014-05-15','East Demond','British Indian Ocean Territory (Chagos Archipelago)',1,'2020-05-13 10:46:07'),(97,81,'m','1993-03-13','South Antwanport','Croatia',1,'2020-05-13 10:46:07'),(98,12,'m','1985-08-22','Bertramshire','France',1,'2020-05-13 10:46:07'),(99,18,'w','2015-06-07','New Elwin','Western Sahara',1,'2020-05-13 10:46:07'),(100,53,'w','1998-06-29','Ephraimside','Madagascar',1,'2020-05-13 10:46:07');
/*!40000 ALTER TABLE `profiles` ENABLE KEYS */;
UNLOCK TABLES;

--
-- Table structure for table `target_types`
--

DROP TABLE IF EXISTS `target_types`;
/*!40101 SET @saved_cs_client     = @@character_set_client */;
/*!50503 SET character_set_client = utf8mb4 */;
CREATE TABLE `target_types` (
  `id` int unsigned NOT NULL AUTO_INCREMENT,
  `name` varchar(255) NOT NULL,
  `created_at` datetime DEFAULT CURRENT_TIMESTAMP,
  PRIMARY KEY (`id`),
  UNIQUE KEY `name` (`name`)
) ENGINE=InnoDB AUTO_INCREMENT=5 DEFAULT CHARSET=utf8mb4 COLLATE=utf8mb4_0900_ai_ci;
/*!40101 SET character_set_client = @saved_cs_client */;

--
-- Dumping data for table `target_types`
--

LOCK TABLES `target_types` WRITE;
/*!40000 ALTER TABLE `target_types` DISABLE KEYS */;
INSERT INTO `target_types` VALUES (1,'messages','2020-05-19 19:32:23'),(2,'users','2020-05-19 19:32:23'),(3,'media','2020-05-19 19:32:23'),(4,'posts','2020-05-19 19:32:23');
/*!40000 ALTER TABLE `target_types` ENABLE KEYS */;
UNLOCK TABLES;

--
-- Table structure for table `user_statuses`
--

DROP TABLE IF EXISTS `user_statuses`;
/*!40101 SET @saved_cs_client     = @@character_set_client */;
/*!50503 SET character_set_client = utf8mb4 */;
CREATE TABLE `user_statuses` (
  `id` int unsigned NOT NULL AUTO_INCREMENT,
  `name` varchar(150) NOT NULL,
  PRIMARY KEY (`id`),
  UNIQUE KEY `name` (`name`)
) ENGINE=InnoDB AUTO_INCREMENT=4 DEFAULT CHARSET=utf8mb4 COLLATE=utf8mb4_0900_ai_ci;
/*!40101 SET character_set_client = @saved_cs_client */;

--
-- Dumping data for table `user_statuses`
--

LOCK TABLES `user_statuses` WRITE;
/*!40000 ALTER TABLE `user_statuses` DISABLE KEYS */;
INSERT INTO `user_statuses` VALUES (1,'active'),(2,'blocked'),(3,'deleted');
/*!40000 ALTER TABLE `user_statuses` ENABLE KEYS */;
UNLOCK TABLES;

--
-- Table structure for table `users`
--

DROP TABLE IF EXISTS `users`;
/*!40101 SET @saved_cs_client     = @@character_set_client */;
/*!50503 SET character_set_client = utf8mb4 */;
CREATE TABLE `users` (
  `id` int unsigned NOT NULL AUTO_INCREMENT,
  `first_name` varchar(100) NOT NULL,
  `last_name` varchar(100) NOT NULL,
  `email` varchar(100) NOT NULL,
  `phone` varchar(100) NOT NULL,
  `status_id` int unsigned DEFAULT NULL,
  `created_at` datetime DEFAULT CURRENT_TIMESTAMP,
  `updated_at` datetime DEFAULT CURRENT_TIMESTAMP ON UPDATE CURRENT_TIMESTAMP,
  PRIMARY KEY (`id`),
  UNIQUE KEY `email` (`email`),
  UNIQUE KEY `phone` (`phone`),
  KEY `users_status_id_fk` (`status_id`),
  CONSTRAINT `users_status_id_fk` FOREIGN KEY (`status_id`) REFERENCES `user_statuses` (`id`) ON DELETE SET NULL
) ENGINE=InnoDB AUTO_INCREMENT=101 DEFAULT CHARSET=utf8mb4 COLLATE=utf8mb4_0900_ai_ci;
/*!40101 SET character_set_client = @saved_cs_client */;

--
-- Dumping data for table `users`
--

LOCK TABLES `users` WRITE;
/*!40000 ALTER TABLE `users` DISABLE KEYS */;
INSERT INTO `users` VALUES (1,'Cydney','Ward','ilebsack@example.org','287-073-2939',1,'2014-12-20 09:28:36','2020-03-24 17:30:59'),(2,'Fae','Hauck','victoria52@example.com','446-870-9532x1107',1,'2014-01-03 02:45:24','2019-08-12 11:44:07'),(3,'Josefa','Spencer','xpacocha@example.com','+01(2)2057032665',1,'2010-05-17 23:39:53','2020-03-29 07:53:55'),(4,'Addie','Kub','logan53@example.net','(849)202-4084',1,'2015-09-14 18:53:01','2019-09-15 14:57:41'),(5,'Elouise','Jones','pmoore@example.net','002.699.8603',1,'2012-08-22 12:34:17','2019-10-31 01:46:57'),(6,'Rudolph','Powlowski','funk.granville@example.com','761-643-1922x362',1,'2017-08-06 20:40:10','2020-03-06 22:47:17'),(7,'Margarette','Nienow','charity.king@example.net','+86(8)6569146281',1,'2012-01-04 08:08:08','2019-09-27 23:06:04'),(8,'Darron','Daugherty','karen.kertzmann@example.net','1-963-353-6551x2542',1,'2013-03-27 12:20:16','2019-10-04 06:27:28'),(9,'Rebeka','Boehm','jaclyn.bailey@example.net','003-531-6874x0789',1,'2012-12-11 08:11:40','2019-12-14 18:04:54'),(10,'Bennett','Nolan','corine39@example.net','(964)568-1702x1513',1,'2011-04-14 01:06:08','2019-07-30 15:59:22'),(11,'Evan','Muller','giovani83@example.com','00629971525',1,'2010-08-22 14:33:05','2020-04-18 20:41:57'),(12,'Merl','Rutherford','murray.sebastian@example.net','989.864.2048x896',1,'2012-09-29 03:35:47','2019-07-09 09:15:06'),(13,'Marty','Runte','bret53@example.net','(968)446-2765x294',1,'2011-01-29 15:30:56','2019-06-14 04:21:35'),(14,'Luisa','Ankunding','luettgen.onie@example.com','(692)381-5360x369',1,'2020-03-09 03:31:02','2020-04-24 15:22:00'),(15,'Reba','Carroll','kirk.king@example.net','1-752-310-9616x20483',1,'2014-10-08 22:39:00','2019-05-21 20:03:29'),(16,'Esperanza','Hermann','garrick.mueller@example.com','1-795-242-2132x18728',1,'2012-11-04 03:51:19','2020-04-25 01:39:16'),(17,'Karson','Cole','mikayla.bauch@example.org','342.235.2929x8978',1,'2018-03-06 08:01:45','2019-08-02 22:22:11'),(18,'Ethyl','Fay','tmccullough@example.net','+53(0)2744123085',1,'2013-01-02 18:06:57','2019-09-08 06:24:34'),(19,'Myrtice','Tremblay','asia.toy@example.com','+55(0)4920667246',1,'2017-11-14 01:22:02','2019-10-25 02:50:39'),(20,'Adeline','Hegmann','volkman.dwight@example.com','1-329-749-5893x9559',1,'2017-03-21 19:04:59','2020-04-24 15:28:06'),(21,'Johnpaul','Christiansen','ikoch@example.net','081-080-8972',1,'2011-08-04 19:18:40','2019-09-16 15:49:48'),(22,'Jasen','Mayert','tyshawn79@example.net','+49(4)3430294449',1,'2010-12-26 10:50:55','2019-08-29 18:35:50'),(23,'Destini','Robel','abshire.lavina@example.com','554-391-0395x18067',1,'2019-08-21 22:43:52','2020-01-07 08:45:33'),(24,'Vincenza','Lesch','chance45@example.net','935.868.4141',1,'2016-03-21 11:44:55','2020-02-05 10:17:26'),(25,'Rex','Aufderhar','omonahan@example.net','1-179-727-2912x45871',1,'2017-01-13 15:14:56','2019-12-28 02:14:09'),(26,'Aron','Windler','rau.charley@example.org','1-108-606-6044',1,'2016-02-18 20:07:33','2019-11-13 07:57:12'),(27,'Eliseo','Larson','alden.goyette@example.com','01918086369',1,'2019-03-06 10:15:31','2019-08-08 12:21:04'),(28,'Kacey','Ruecker','dameon84@example.org','816.365.9421',1,'2012-10-09 06:04:20','2019-07-09 22:49:21'),(29,'Elena','Dickinson','loraine84@example.org','842.764.0782x1847',1,'2018-05-21 06:51:14','2019-09-26 14:30:41'),(30,'Grover','Zulauf','stamm.haskell@example.net','03280651431',1,'2015-11-13 04:15:59','2019-12-06 17:36:31'),(31,'Madalyn','Frami','franco.pfeffer@example.net','(955)965-1783',1,'2014-04-14 00:35:52','2020-04-01 15:54:19'),(32,'Rusty','Baumbach','ricardo.o\'conner@example.org','104-621-9239x108',1,'2015-06-22 14:33:17','2019-12-24 22:41:54'),(33,'Pauline','Lang','vhartmann@example.org','(227)196-0338x937',1,'2013-12-07 05:10:46','2020-03-07 23:02:31'),(34,'Armand','Prosacco','brakus.vivien@example.org','184-233-0915x9032',1,'2017-05-28 14:31:00','2019-10-28 16:43:02'),(35,'Alison','Brakus','reta.walker@example.net','231.289.7385x5845',1,'2019-09-23 07:47:15','2020-05-13 10:44:27'),(36,'Augustine','Wisoky','kenton24@example.org','214.313.1845',1,'2013-12-03 04:17:32','2019-12-30 14:01:55'),(37,'Green','Smith','lucas.carter@example.net','1-180-505-3070x78905',1,'2011-09-05 12:57:19','2019-11-08 19:36:41'),(38,'Keira','Ziemann','mante.bertrand@example.com','(432)508-3707x6310',1,'2016-11-17 23:53:51','2020-03-16 15:18:21'),(39,'Tania','Connelly','lind.fredy@example.com','1-236-934-2613x463',1,'2017-09-08 05:50:32','2020-03-19 07:27:46'),(40,'Cordell','Heidenreich','bernhard.kelley@example.com','377.576.1600x0266',1,'2019-11-17 23:37:57','2020-02-18 07:26:57'),(41,'Josiane','Wintheiser','anderson.alisha@example.org','(816)879-9518x2620',1,'2011-11-20 16:54:30','2019-08-01 06:20:26'),(42,'Martine','Schowalter','lacey.waters@example.org','1-319-667-7223x05516',1,'2019-10-15 09:48:40','2019-12-23 11:02:17'),(43,'Jennifer','Brekke','israel14@example.org','1-362-192-9177',1,'2015-12-15 02:47:21','2020-01-09 07:38:32'),(44,'Esteban','Bode','dare.agustin@example.net','+36(0)6018225419',1,'2011-09-15 21:49:15','2020-05-05 00:09:02'),(45,'Samanta','Mills','blaise.harvey@example.org','+72(5)2016255479',1,'2018-02-22 05:15:05','2019-12-15 14:06:03'),(46,'Chauncey','Cruickshank','gracie83@example.com','1-615-745-9512x752',1,'2018-04-24 13:40:36','2020-02-12 13:44:20'),(47,'Herminio','Grant','zupton@example.org','1-667-658-6949',1,'2014-09-06 22:56:55','2019-11-22 20:12:22'),(48,'Skye','Abbott','lucio.pfannerstill@example.net','1-901-009-8954x1436',1,'2014-12-28 20:14:02','2019-10-11 08:04:06'),(49,'Reva','Smith','reymundo.cremin@example.org','+91(0)7491320961',1,'2018-06-04 00:08:08','2019-06-14 02:21:55'),(50,'Ceasar','Ruecker','dean08@example.org','767.725.3137x5014',1,'2019-07-30 22:14:13','2020-05-13 10:44:27'),(51,'Mayra','Sipes','ruth.bosco@example.com','422.009.4518x523',1,'2017-03-19 17:55:14','2019-05-13 17:56:05'),(52,'Sandy','Flatley','lowe.jalyn@example.com','(444)015-0285x28683',1,'2020-03-27 16:11:41','2020-05-13 10:44:27'),(53,'Brice','Klocko','eino88@example.com','917-653-3076x683',1,'2018-03-12 06:06:14','2019-08-28 19:01:47'),(54,'Catharine','Breitenberg','lindgren.daisha@example.net','243.038.2123',1,'2016-07-11 11:35:17','2019-12-24 06:11:50'),(55,'Vaughn','Hahn','tillman.vandervort@example.org','(623)211-8512',1,'2012-04-04 22:42:12','2019-09-26 22:20:07'),(56,'Minerva','Ernser','ansley95@example.com','(954)112-7003',1,'2016-02-19 17:49:34','2020-03-29 01:29:01'),(57,'Melisa','Becker','iblick@example.org','278.870.9077',1,'2017-01-08 12:28:05','2020-04-14 04:47:41'),(58,'Enola','Bernhard','fletcher61@example.com','1-672-029-3302x45427',1,'2010-09-29 18:13:55','2020-03-23 14:58:21'),(59,'Heath','Zulauf','vandervort.glen@example.org','(579)896-3214x4533',1,'2017-10-25 10:32:09','2020-04-26 23:47:19'),(60,'Addie','Smitham','aisha.nicolas@example.net','05230844448',1,'2013-04-29 07:21:08','2019-05-19 16:58:44'),(61,'Alford','Wunsch','clindgren@example.net','+44(1)2934320571',1,'2016-05-12 20:07:01','2020-03-30 22:38:50'),(62,'Maggie','Kiehn','raheem45@example.net','1-210-596-4244x8286',1,'2015-12-31 00:56:58','2019-09-22 22:54:57'),(63,'Lionel','Sporer','orussel@example.com','042.345.4743',1,'2016-01-19 22:51:58','2020-01-19 20:24:37'),(64,'Issac','Hills','rolando.kling@example.org','1-658-705-5809x328',1,'2018-06-01 14:05:29','2019-12-11 23:13:19'),(65,'Mattie','Leffler','qlynch@example.com','1-840-969-4725',1,'2016-01-13 17:22:02','2019-09-28 10:42:26'),(66,'Boyd','Homenick','stoltenberg.elnora@example.org','371.604.7237x2692',1,'2011-07-12 13:28:28','2019-07-01 16:38:39'),(67,'Miguel','West','marianne17@example.org','1-690-166-1831x591',1,'2013-04-19 22:11:38','2020-03-15 06:19:08'),(68,'Yessenia','Rau','moses81@example.org','(332)464-7081x6891',1,'2015-11-19 17:08:01','2019-11-30 20:19:05'),(69,'Candida','Rice','alek.crooks@example.net','1-752-295-2204',1,'2017-06-21 02:58:51','2019-08-29 16:04:41'),(70,'Meghan','Kuvalis','crona.clinton@example.net','433.595.9166x797',1,'2013-02-26 08:57:06','2019-09-14 06:05:19'),(71,'Paul','Boehm','sadye.rodriguez@example.com','193-673-3006',1,'2012-08-18 21:24:57','2019-11-18 02:21:33'),(72,'Mark','Kulas','jared49@example.org','263-481-6643x41554',1,'2010-07-10 23:29:16','2019-11-09 03:17:08'),(73,'Trycia','Bode','flossie.bogisich@example.com','+13(2)9768916477',1,'2017-10-26 02:15:45','2020-01-22 05:59:00'),(74,'Helene','Parker','destinee23@example.org','300-867-6092',1,'2012-06-05 23:01:29','2020-04-07 09:28:01'),(75,'Myriam','Renner','jarred06@example.com','076-121-5151',1,'2013-10-11 02:32:37','2019-08-31 09:58:18'),(76,'Keara','Bailey','barrett92@example.com','216-695-3079x034',1,'2019-02-16 23:58:12','2019-05-21 11:03:59'),(77,'Erich','Muller','clovis.schinner@example.org','1-473-464-7195x4492',1,'2018-08-01 23:06:56','2019-07-21 23:26:53'),(78,'Jaqueline','Braun','tleffler@example.com','787.937.0679',1,'2017-12-19 00:51:52','2019-10-27 07:44:03'),(79,'Frederic','Rau','davis.shea@example.org','+22(8)1127832752',1,'2010-09-04 17:38:04','2019-10-03 06:51:40'),(80,'Abigail','Moore','runolfsson.bud@example.com','1-548-583-2703x73274',1,'2013-11-18 00:11:22','2019-09-28 16:48:48'),(81,'Lina','Harris','mhackett@example.org','1-321-859-7451',1,'2015-08-29 11:14:44','2019-06-03 00:01:03'),(82,'Arnaldo','Bode','mae09@example.com','(654)335-7664x778',1,'2015-01-25 13:22:22','2019-05-13 01:25:23'),(83,'Cristobal','West','xschowalter@example.net','1-858-338-7459',1,'2016-08-22 22:57:03','2019-06-15 12:45:14'),(84,'King','Lowe','marilou19@example.org','215-022-4523x86087',1,'2013-02-04 07:28:34','2019-12-02 18:34:24'),(85,'Waldo','Mertz','hagenes.madyson@example.com','312.325.8408x267',1,'2013-03-06 06:34:47','2019-12-27 11:46:29'),(86,'Royce','Haley','austen36@example.net','1-621-986-4630',1,'2013-11-26 13:24:16','2020-03-13 20:50:46'),(87,'Karianne','Jakubowski','dawson85@example.net','00234707123',1,'2012-04-09 22:23:29','2019-05-28 12:17:03'),(88,'Jennie','Leffler','luna14@example.net','(287)673-0843',1,'2012-06-26 03:05:59','2019-07-26 15:29:57'),(89,'Rhett','Mayert','charlotte.osinski@example.org','196.773.1552x4493',1,'2010-06-29 14:25:24','2019-12-22 08:20:37'),(90,'Mckenna','Wehner','ewisozk@example.com','243.813.4798x283',1,'2019-09-03 07:27:09','2020-05-13 10:44:27'),(91,'Cale','Hintz','stiedemann.donny@example.net','854.969.6807',1,'2014-01-22 07:27:51','2019-06-12 17:49:06'),(92,'Era','Nikolaus','casandra78@example.com','1-814-482-8013',1,'2018-03-20 15:49:15','2019-05-11 18:34:24'),(93,'Anastacio','Collins','chilll@example.com','664-409-5902x1089',1,'2012-10-07 09:23:55','2020-02-27 12:52:31'),(94,'Rodger','Predovic','anna.murray@example.org','706-492-2216x9624',1,'2016-11-26 11:57:57','2019-08-20 21:18:58'),(95,'Lorine','DuBuque','brice.spinka@example.com','1-801-270-8088x14145',1,'2019-04-28 07:40:23','2019-10-08 23:27:29'),(96,'Nyah','Jast','fhauck@example.org','(350)715-3371x309',1,'2010-08-21 17:41:25','2020-03-10 03:52:38'),(97,'Aurelia','Spinka','tyshawn32@example.net','+85(4)5607049098',1,'2012-11-24 17:55:21','2019-09-15 08:44:48'),(98,'August','Metz','akeem28@example.net','(337)355-0007x8138',1,'2016-04-04 05:26:00','2019-05-08 22:07:13'),(99,'Neoma','Reinger','mccullough.emily@example.net','+13(7)0440587684',1,'2013-01-22 03:44:13','2019-08-04 21:32:57'),(100,'Rollin','Kub','feil.buddy@example.org','1-703-137-6669x364',1,'2017-08-12 21:23:04','2019-11-28 11:40:24');
/*!40000 ALTER TABLE `users` ENABLE KEYS */;
UNLOCK TABLES;
/*!40103 SET TIME_ZONE=@OLD_TIME_ZONE */;

/*!40101 SET SQL_MODE=@OLD_SQL_MODE */;
/*!40014 SET FOREIGN_KEY_CHECKS=@OLD_FOREIGN_KEY_CHECKS */;
/*!40014 SET UNIQUE_CHECKS=@OLD_UNIQUE_CHECKS */;
/*!40101 SET CHARACTER_SET_CLIENT=@OLD_CHARACTER_SET_CLIENT */;
/*!40101 SET CHARACTER_SET_RESULTS=@OLD_CHARACTER_SET_RESULTS */;
/*!40101 SET COLLATION_CONNECTION=@OLD_COLLATION_CONNECTION */;
/*!40111 SET SQL_NOTES=@OLD_SQL_NOTES */;

-- Dump completed on 2020-05-20 11:59:12
